~, Pda_encyclopedia_name, St_data_export_stash_type, St_data_export_stash_chance, St_data_export_stash_ecos
adrenalin, st_adrenalin, st_data_export_stash_type_common, 45%, 1/2
adrenalin, st_adrenalin, st_data_export_stash_type_rare, 43%, 1/2
af_aac, st_af_aac_name, st_data_export_stash_type_common, 2%, 1/2/3
af_aac, st_af_aac_name, st_data_export_stash_type_rare, 6%, 1/2/3
af_aam, st_af_aam_name, st_data_export_stash_type_common, 2%, 1/2/3
af_aam, st_af_aam_name, st_data_export_stash_type_rare, 5%, 1/2/3
af_atom, st_af_atom_name, st_data_export_stash_type_common, 4%, 1/2/3
af_atom, st_af_atom_name, st_data_export_stash_type_rare, 5%, 1/2/3
af_ball, st_af_ball_name, st_data_export_stash_type_common, 5%, 1/2/3
af_ball, st_af_ball_name, st_data_export_stash_type_rare, 6%, 1/2/3
af_baloon, st_af_baloon_name, st_data_export_stash_type_common, 2%, 1/2/3
af_baloon, st_af_baloon_name, st_data_export_stash_type_rare, 9%, 1/2/3
af_bat, st_af_bat_name, st_data_export_stash_type_common, 5%, 1/2/3
af_bat, st_af_bat_name, st_data_export_stash_type_rare, 6%, 1/2/3
af_black_angel, st_af_black_angel_name, st_data_export_stash_type_common, 4%, 1/2/3
af_black_angel, st_af_black_angel_name, st_data_export_stash_type_rare, 5%, 1/2/3
af_black_spray, st_af_black_spray_name, st_data_export_stash_type_common, 2%, 1/2/3
af_black_spray, st_af_black_spray_name, st_data_export_stash_type_rare, 9%, 1/2/3
af_blood, st_af_blood_name, st_data_export_stash_type_common, 3%, 1/2/3
af_blood, st_af_blood_name, st_data_export_stash_type_rare, 10%, 1/2/3
af_bracelet, st_af_bracelet_name, st_data_export_stash_type_common, 2%, 1/2/3
af_bracelet, st_af_bracelet_name, st_data_export_stash_type_rare, 10%, 1/2/3
af_camelbak, st_af_camelbak_name, st_data_export_stash_type_common, 3%, 1/2/3
af_camelbak, st_af_camelbak_name, st_data_export_stash_type_rare, 12%, 1/2/3
af_camelbak_up, st_af_camelbak_up_name, st_data_export_stash_type_common, 2%, 1/2/3
af_camelbak_up, st_af_camelbak_up_name, st_data_export_stash_type_rare, 8%, 1/2/3
af_cell, st_af_cell_name, st_data_export_stash_type_common, 4%, 1/2/3
af_cell, st_af_cell_name, st_data_export_stash_type_rare, 5%, 1/2/3
af_ceramic, st_af_ceramic_name, st_data_export_stash_type_common, 3%, 1/2/3
af_ceramic, st_af_ceramic_name, st_data_export_stash_type_rare, 11%, 1/2/3
af_ceramic_up, st_af_ceramic_up_name, st_data_export_stash_type_common, 2%, 1/2/3
af_ceramic_up, st_af_ceramic_up_name, st_data_export_stash_type_rare, 8%, 1/2/3
af_chelust, st_af_chelust_name, st_data_export_stash_type_common, 5%, 1/2/3
af_chelust, st_af_chelust_name, st_data_export_stash_type_rare, 6%, 1/2/3
af_cocoon, st_af_cocoon_name, st_data_export_stash_type_common, 5%, 1/2/3
af_cocoon, st_af_cocoon_name, st_data_export_stash_type_rare, 6%, 1/2/3
af_compass, st_af_compass_name, st_data_export_stash_type_common, 2%, 1/2/3
af_compass, st_af_compass_name, st_data_export_stash_type_rare, 7%, 1/2/3
af_cooler, st_af_cooler_name, st_data_export_stash_type_common, 3%, 1/2/3
af_cooler, st_af_cooler_name, st_data_export_stash_type_rare, 12%, 1/2/3
af_cooler_up, st_af_cooler_up_name, st_data_export_stash_type_common, 2%, 1/2/3
af_cooler_up, st_af_cooler_up_name, st_data_export_stash_type_rare, 8%, 1/2/3
af_cristall, st_af_cristall_name, st_data_export_stash_type_common, 2%, 1/2/3
af_cristall, st_af_cristall_name, st_data_export_stash_type_rare, 10%, 1/2/3
af_cristall_flower, st_af_cristall_flower_name, st_data_export_stash_type_common, 3%, 1/2/3
af_cristall_flower, st_af_cristall_flower_name, st_data_export_stash_type_rare, 10%, 1/2/3
af_death_lamp, st_af_death_lamp_name, st_data_export_stash_type_common, 2%, 1/2/3
af_death_lamp, st_af_death_lamp_name, st_data_export_stash_type_rare, 9%, 1/2/3
af_dragon_eye, st_af_dragon_eye_name, st_data_export_stash_type_common, 4%, 1/2/3
af_dragon_eye, st_af_dragon_eye_name, st_data_export_stash_type_rare, 5%, 1/2/3
af_dummy_battery, st_af_dummy_battery_name, st_data_export_stash_type_common, 3%, 1/2/3
af_dummy_battery, st_af_dummy_battery_name, st_data_export_stash_type_rare, 10%, 1/2/3
af_dummy_dummy, st_af_dummy_dummy_name, st_data_export_stash_type_common, 2%, 1/2/3
af_dummy_dummy, st_af_dummy_dummy_name, st_data_export_stash_type_rare, 10%, 1/2/3
af_dummy_glassbeads, st_af_dummy_glassbeads_name, st_data_export_stash_type_common, 3%, 1/2/3
af_dummy_glassbeads, st_af_dummy_glassbeads_name, st_data_export_stash_type_rare, 10%, 1/2/3
af_ear, st_af_ear_name, st_data_export_stash_type_common, 5%, 1/2/3
af_ear, st_af_ear_name, st_data_export_stash_type_rare, 6%, 1/2/3
af_electra_flash, st_af_electra_flash_name, st_data_export_stash_type_common, 2%, 1/2/3
af_electra_flash, st_af_electra_flash_name, st_data_export_stash_type_rare, 9%, 1/2/3
af_electra_moonlight, st_af_electra_moonlight_name, st_data_export_stash_type_common, 2%, 1/2/3
af_electra_moonlight, st_af_electra_moonlight_name, st_data_export_stash_type_rare, 10%, 1/2/3
af_electra_sparkler, st_af_electra_sparkler_name, st_data_export_stash_type_common, 3%, 1/2/3
af_electra_sparkler, st_af_electra_sparkler_name, st_data_export_stash_type_rare, 10%, 1/2/3
af_elektron, st_af_elektron_name, st_data_export_stash_type_common, 5%, 1/2/3
af_elektron, st_af_elektron_name, st_data_export_stash_type_rare, 6%, 1/2/3
af_empty, st_af_empty_name, st_data_export_stash_type_common, 2%, 1/2/3
af_empty, st_af_empty_name, st_data_export_stash_type_rare, 10%, 1/2/3
af_eye, st_af_eye_name, st_data_export_stash_type_common, 2%, 1/2/3
af_eye, st_af_eye_name, st_data_export_stash_type_rare, 10%, 1/2/3
af_fire, st_af_fire_name, st_data_export_stash_type_common, 2%, 1/2/3
af_fire, st_af_fire_name, st_data_export_stash_type_rare, 9%, 1/2/3
af_fire_loop, st_af_fire_loop_name, st_data_export_stash_type_common, 5%, 1/2/3
af_fire_loop, st_af_fire_loop_name, st_data_export_stash_type_rare, 6%, 1/2/3
af_fireball, st_af_fireball_name, st_data_export_stash_type_common, 2%, 1/2/3
af_fireball, st_af_fireball_name, st_data_export_stash_type_rare, 9%, 1/2/3
af_fonar, st_af_fonar_name, st_data_export_stash_type_common, 5%, 1/2/3
af_fonar, st_af_fonar_name, st_data_export_stash_type_rare, 6%, 1/2/3
af_fountain, st_af_fountain_name, st_data_export_stash_type_common, 5%, 1/2/3
af_fountain, st_af_fountain_name, st_data_export_stash_type_rare, 6%, 1/2/3
af_frames, st_af_frames_name, st_data_export_stash_type_common, 3%, 1/2/3
af_frames, st_af_frames_name, st_data_export_stash_type_rare, 12%, 1/2/3
af_frames_up, st_af_frames_up_name, st_data_export_stash_type_common, 2%, 1/2/3
af_frames_up, st_af_frames_up_name, st_data_export_stash_type_rare, 9%, 1/2/3
af_freon, st_af_freon_name, st_data_export_stash_type_common, 3%, 1/2/3
af_freon, st_af_freon_name, st_data_export_stash_type_rare, 12%, 1/2/3
af_freon_up, st_af_freon_up_name, st_data_export_stash_type_common, 2%, 1/2/3
af_freon_up, st_af_freon_up_name, st_data_export_stash_type_rare, 9%, 1/2/3
af_full_empty, st_af_full_empty_name, st_data_export_stash_type_common, 2%, 1/2/3
af_full_empty, st_af_full_empty_name, st_data_export_stash_type_rare, 9%, 1/2/3
af_fuzz_kolobok, st_af_fuzz_kolobok_name, st_data_export_stash_type_common, 2%, 1/2/3
af_fuzz_kolobok, st_af_fuzz_kolobok_name, st_data_export_stash_type_rare, 10%, 1/2/3
af_generator, st_af_generator_name, st_data_export_stash_type_common, 5%, 1/2/3
af_generator, st_af_generator_name, st_data_export_stash_type_rare, 6%, 1/2/3
af_glass, st_af_glass_name, st_data_export_stash_type_common, 2%, 1/2/3
af_glass, st_af_glass_name, st_data_export_stash_type_rare, 9%, 1/2/3
af_gold_fish, st_af_gold_fish_name, st_data_export_stash_type_common, 2%, 1/2/3
af_gold_fish, st_af_gold_fish_name, st_data_export_stash_type_rare, 9%, 1/2/3
af_grapes, st_af_grapes_name, st_data_export_stash_type_common, 4%, 1/2/3
af_grapes, st_af_grapes_name, st_data_export_stash_type_rare, 5%, 1/2/3
af_gravi, st_af_gravi_name, st_data_export_stash_type_common, 2%, 1/2/3
af_gravi, st_af_gravi_name, st_data_export_stash_type_rare, 10%, 1/2/3
af_grid, st_af_grid_name, st_data_export_stash_type_common, 3%, 1/2/3
af_grid, st_af_grid_name, st_data_export_stash_type_rare, 11%, 1/2/3
af_grid_up, st_af_grid_up_name, st_data_export_stash_type_common, 2%, 1/2/3
af_grid_up, st_af_grid_up_name, st_data_export_stash_type_rare, 8%, 1/2/3
af_iam, st_af_iam_name, st_data_export_stash_type_common, 2%, 1/2/3
af_iam, st_af_iam_name, st_data_export_stash_type_rare, 8%, 1/2/3
af_ice, st_af_ice_name, st_data_export_stash_type_common, 2%, 1/2/3
af_ice, st_af_ice_name, st_data_export_stash_type_rare, 9%, 1/2/3
af_itcher, st_af_itcher_name, st_data_export_stash_type_common, 3%, 1/2/3
af_itcher, st_af_itcher_name, st_data_export_stash_type_rare, 10%, 1/2/3
af_kevlar, st_af_kevlar_name, st_data_export_stash_type_common, 3%, 1/2/3
af_kevlar, st_af_kevlar_name, st_data_export_stash_type_rare, 11%, 1/2/3
af_kevlar_up, st_af_kevlar_up_name, st_data_export_stash_type_common, 2%, 1/2/3
af_kevlar_up, st_af_kevlar_up_name, st_data_export_stash_type_rare, 9%, 1/2/3
af_kislushka, st_af_kislushka_name, st_data_export_stash_type_common, 5%, 1/2/3
af_kislushka, st_af_kislushka_name, st_data_export_stash_type_rare, 6%, 1/2/3
af_kogot, st_af_kogot_name, st_data_export_stash_type_common, 5%, 1/2/3
af_kogot, st_af_kogot_name, st_data_export_stash_type_rare, 6%, 1/2/3
af_lighthouse, st_af_lighthouse_name, st_data_export_stash_type_common, 5%, 1/2/3
af_lighthouse, st_af_lighthouse_name, st_data_export_stash_type_rare, 6%, 1/2/3
af_lobster_eyes, st_af_lobster_eyes_name, st_data_export_stash_type_common, 2%, 1/2/3
af_lobster_eyes, st_af_lobster_eyes_name, st_data_export_stash_type_rare, 10%, 1/2/3
af_medallion, st_af_medallion_name, st_data_export_stash_type_common, 5%, 1/2/3
af_medallion, st_af_medallion_name, st_data_export_stash_type_rare, 6%, 1/2/3
af_medusa, st_af_medusa_name, st_data_export_stash_type_common, 3%, 1/2/3
af_medusa, st_af_medusa_name, st_data_export_stash_type_rare, 10%, 1/2/3
af_mincer_meat, st_af_mincer_meat_name, st_data_export_stash_type_common, 3%, 1/2/3
af_mincer_meat, st_af_mincer_meat_name, st_data_export_stash_type_rare, 10%, 1/2/3
af_moh, st_af_moh_name, st_data_export_stash_type_common, 5%, 1/2/3
af_moh, st_af_moh_name, st_data_export_stash_type_rare, 6%, 1/2/3
af_monolith, st_af_monolith_name, st_data_export_stash_type_common, 2%, 1/2/3
af_monolith, st_af_monolith_name, st_data_export_stash_type_rare, 7%, 1/2/3
af_night_star, st_af_night_star_name, st_data_export_stash_type_common, 3%, 1/2/3
af_night_star, st_af_night_star_name, st_data_export_stash_type_rare, 10%, 1/2/3
af_oasis_heart, st_af_oasis_heart_name, st_data_export_stash_type_common, 2%, 1/2/3
af_oasis_heart, st_af_oasis_heart_name, st_data_export_stash_type_rare, 7%, 1/2/3
af_peas, st_af_peas_name, st_data_export_stash_type_common, 5%, 1/2/3
af_peas, st_af_peas_name, st_data_export_stash_type_rare, 6%, 1/2/3
af_pin, st_af_pin_name, st_data_export_stash_type_common, 3%, 1/2/3
af_pin, st_af_pin_name, st_data_export_stash_type_rare, 10%, 1/2/3
af_plates, st_af_plates_name, st_data_export_stash_type_common, 3%, 1/2/3
af_plates, st_af_plates_name, st_data_export_stash_type_rare, 11%, 1/2/3
af_plates_up, st_af_plates_up_name, st_data_export_stash_type_common, 2%, 1/2/3
af_plates_up, st_af_plates_up_name, st_data_export_stash_type_rare, 8%, 1/2/3
af_polymer, st_af_polymer_name, st_data_export_stash_type_common, 2%, 1/2/3
af_polymer, st_af_polymer_name, st_data_export_stash_type_rare, 9%, 1/2/3
af_polymer_up, st_af_polymer_up_name, st_data_export_stash_type_common, 2%, 1/2/3
af_polymer_up, st_af_polymer_up_name, st_data_export_stash_type_rare, 8%, 1/2/3
af_repei, st_af_repei_name, st_data_export_stash_type_common, 5%, 1/2/3
af_repei, st_af_repei_name, st_data_export_stash_type_rare, 6%, 1/2/3
af_ring, st_af_ring_name, st_data_export_stash_type_common, 2%, 1/2/3
af_ring, st_af_ring_name, st_data_export_stash_type_rare, 10%, 1/2/3
af_sandstone, st_af_sandstone_name, st_data_export_stash_type_common, 4%, 1/2/3
af_sandstone, st_af_sandstone_name, st_data_export_stash_type_rare, 5%, 1/2/3
af_serofim, st_af_serofim_name, st_data_export_stash_type_common, 4%, 1/2/3
af_serofim, st_af_serofim_name, st_data_export_stash_type_rare, 5%, 1/2/3
af_signet, st_af_signet_name, st_data_export_stash_type_common, 4%, 1/2/3
af_signet, st_af_signet_name, st_data_export_stash_type_rare, 5%, 1/2/3
af_skull_miser, st_af_skull_miser_name, st_data_export_stash_type_common, 5%, 1/2/3
af_skull_miser, st_af_skull_miser_name, st_data_export_stash_type_rare, 6%, 1/2/3
af_soul, st_af_soul_name, st_data_export_stash_type_common, 3%, 1/2/3
af_soul, st_af_soul_name, st_data_export_stash_type_rare, 10%, 1/2/3
af_spaika, st_af_spaika_name, st_data_export_stash_type_common, 5%, 1/2/3
af_spaika, st_af_spaika_name, st_data_export_stash_type_rare, 6%, 1/2/3
af_sponge, st_af_sponge_name, st_data_export_stash_type_common, 2%, 1/2/3
af_sponge, st_af_sponge_name, st_data_export_stash_type_rare, 10%, 1/2/3
af_star_phantom, st_af_star_phantom_name, st_data_export_stash_type_common, 4%, 1/2/3
af_star_phantom, st_af_star_phantom_name, st_data_export_stash_type_rare, 5%, 1/2/3
af_sun, st_af_sun_name, st_data_export_stash_type_common, 4%, 1/2/3
af_sun, st_af_sun_name, st_data_export_stash_type_rare, 5%, 1/2/3
af_surge, st_af_surge_name, st_data_export_stash_type_common, 3%, 1/2/3
af_surge, st_af_surge_name, st_data_export_stash_type_rare, 12%, 1/2/3
af_surge_up, st_af_surge_up_name, st_data_export_stash_type_common, 2%, 1/2/3
af_surge_up, st_af_surge_up_name, st_data_export_stash_type_rare, 9%, 1/2/3
af_tapeworm, st_af_tapeworm_name, st_data_export_stash_type_common, 5%, 1/2/3
af_tapeworm, st_af_tapeworm_name, st_data_export_stash_type_rare, 6%, 1/2/3
af_vyvert, st_af_vyvert_name, st_data_export_stash_type_common, 2%, 1/2/3
af_vyvert, st_af_vyvert_name, st_data_export_stash_type_rare, 10%, 1/2/3
af_zhelch, st_af_zhelch_name, st_data_export_stash_type_common, 4%, 1/2/3
af_zhelch, st_af_zhelch_name, st_data_export_stash_type_rare, 5%, 1/2/3
akvatab, st_akvatab, st_data_export_stash_type_common, 54%, 1/2/3
akvatab, st_akvatab, st_data_export_stash_type_rare, 51%, 1/2/3
ammo_11.43x23_fmj, ammo-11.43x23-fmj, st_data_export_stash_type_common, 48%, 1/2/3
ammo_11.43x23_fmj, ammo-11.43x23-fmj, st_data_export_stash_type_rare, 40%, 1/2/3
ammo_11.43x23_hydro, ammo-11.43x23-hydro, st_data_export_stash_type_common, 48%, 1/2/3
ammo_11.43x23_hydro, ammo-11.43x23-hydro, st_data_export_stash_type_rare, 40%, 1/2/3
ammo_12.7x55_ap, ammo_12.7x55_ap, st_data_export_stash_type_common, 36%, 1/2
ammo_12.7x55_ap, ammo_12.7x55_ap, st_data_export_stash_type_rare, 30%, 1/2
ammo_12.7x55_fmj, ammo-12.7x55-fmj, st_data_export_stash_type_common, 45%, 1/2
ammo_12.7x55_fmj, ammo-12.7x55-fmj, st_data_export_stash_type_rare, 38%, 1/2
ammo_12x70_buck, ammo-12x70-buck, st_data_export_stash_type_common, 48%, 1/2/3
ammo_12x70_buck, ammo-12x70-buck, st_data_export_stash_type_rare, 40%, 1/2/3
ammo_12x70_raid, ammo-12x70-raid, st_data_export_stash_type_common, 48%, 1/2/3
ammo_12x70_raid, ammo-12x70-raid, st_data_export_stash_type_rare, 40%, 1/2/3
ammo_12x76_bull, ammo-12x76-bull, st_data_export_stash_type_common, 36%, 1/2/3
ammo_12x76_bull, ammo-12x76-bull, st_data_export_stash_type_rare, 30%, 1/2/3
ammo_12x76_dart, ammo-12x76-dart, st_data_export_stash_type_common, 36%, 1/2/3
ammo_12x76_dart, ammo-12x76-dart, st_data_export_stash_type_rare, 30%, 1/2/3
ammo_12x76_zhekan, ammo-12x76-zhekan, st_data_export_stash_type_common, 48%, 1/2/3
ammo_12x76_zhekan, ammo-12x76-zhekan, st_data_export_stash_type_rare, 40%, 1/2/3
ammo_357_hp_mag, ammo-357-hp, st_data_export_stash_type_common, 48%, 1/2/3
ammo_357_hp_mag, ammo-357-hp, st_data_export_stash_type_rare, 40%, 1/2/3
ammo_5.45x39_ap, ammo-5.45x39-ap, st_data_export_stash_type_common, 36%, 1/2/3
ammo_5.45x39_ap, ammo-5.45x39-ap, st_data_export_stash_type_rare, 30%, 1/2/3
ammo_5.45x39_ep, ammo-5.45x39-ep, st_data_export_stash_type_common, 48%, 1/2/3
ammo_5.45x39_ep, ammo-5.45x39-ep, st_data_export_stash_type_rare, 40%, 1/2/3
ammo_5.45x39_fmj, ammo-5.45x39-fmj, st_data_export_stash_type_common, 48%, 1/2/3
ammo_5.45x39_fmj, ammo-5.45x39-fmj, st_data_export_stash_type_rare, 40%, 1/2/3
ammo_5.56x45_ap, ammo-5.56x45-ap, st_data_export_stash_type_common, 36%, 1/2
ammo_5.56x45_ap, ammo-5.56x45-ap, st_data_export_stash_type_rare, 30%, 1/2
ammo_5.56x45_fmj, ammo-5.56x45-fmj, st_data_export_stash_type_common, 48%, 1/2/3
ammo_5.56x45_fmj, ammo-5.56x45-fmj, st_data_export_stash_type_rare, 40%, 1/2/3
ammo_5.56x45_ss190, ammo-5.56x45-ss190, st_data_export_stash_type_common, 48%, 1/2/3
ammo_5.56x45_ss190, ammo-5.56x45-ss190, st_data_export_stash_type_rare, 40%, 1/2/3
ammo_5.7x28_ss190, ammo-5.7x28-ss190, st_data_export_stash_type_common, 45%, 1/2/3
ammo_5.7x28_ss190, ammo-5.7x28-ss190, st_data_export_stash_type_rare, 38%, 1/2/3
ammo_5.7x28_ss195, ammo-5.7x28-ss195, st_data_export_stash_type_common, 48%, 1/2/3
ammo_5.7x28_ss195, ammo-5.7x28-ss195, st_data_export_stash_type_rare, 40%, 1/2/3
ammo_50_bmg, ammo-50-bmg, st_data_export_stash_type_common, 36%, 1/2
ammo_50_bmg, ammo-50-bmg, st_data_export_stash_type_rare, 30%, 1/2
ammo_7.62x25_p, ammo-7.62x25-p, st_data_export_stash_type_common, 48%, 1/2/3
ammo_7.62x25_p, ammo-7.62x25-p, st_data_export_stash_type_rare, 40%, 1/2/3
ammo_7.62x25_ps, ammo-7.62x25-ps, st_data_export_stash_type_common, 48%, 1/2/3
ammo_7.62x25_ps, ammo-7.62x25-ps, st_data_export_stash_type_rare, 40%, 1/2/3
ammo_7.62x39_ap, ammo-7.62x39_ap, st_data_export_stash_type_common, 45%, 1/2/3
ammo_7.62x39_ap, ammo-7.62x39_ap, st_data_export_stash_type_rare, 38%, 1/2/3
ammo_7.62x39_fmj, ammo-7.62x39_fmj, st_data_export_stash_type_common, 45%, 1/2/3
ammo_7.62x39_fmj, ammo-7.62x39_fmj, st_data_export_stash_type_rare, 38%, 1/2/3
ammo_7.62x51_ap, ammo-7.62x51_ap, st_data_export_stash_type_common, 36%, 1/2
ammo_7.62x51_ap, ammo-7.62x51_ap, st_data_export_stash_type_rare, 30%, 1/2
ammo_7.62x51_fmj, ammo-7.62x51_fmj, st_data_export_stash_type_common, 45%, 1/2/3
ammo_7.62x51_fmj, ammo-7.62x51_fmj, st_data_export_stash_type_rare, 38%, 1/2/3
ammo_7.62x54_7h1, ammo-7.62x54-7n1, st_data_export_stash_type_common, 45%, 1/2/3
ammo_7.62x54_7h1, ammo-7.62x54-7n1, st_data_export_stash_type_rare, 38%, 1/2/3
ammo_7.62x54_7h14, ammo-7.62x54_7n14, st_data_export_stash_type_common, 45%, 1/2/3
ammo_7.62x54_7h14, ammo-7.62x54_7n14, st_data_export_stash_type_rare, 38%, 1/2/3
ammo_7.62x54_ap, ammo-7.62x54-ap, st_data_export_stash_type_common, 36%, 1/2
ammo_7.62x54_ap, ammo-7.62x54-ap, st_data_export_stash_type_rare, 30%, 1/2
ammo_7.92x33_ap, ammo-7.92x33_ap, st_data_export_stash_type_common, 36%, 1/2
ammo_7.92x33_ap, ammo-7.92x33_ap, st_data_export_stash_type_rare, 30%, 1/2
ammo_7.92x33_fmj, ammo-7.92x33_fmj, st_data_export_stash_type_common, 45%, 1/2/3
ammo_7.92x33_fmj, ammo-7.92x33_fmj, st_data_export_stash_type_rare, 38%, 1/2/3
ammo_9x18_ap, ammo-9x18-ap, st_data_export_stash_type_common, 48%, 1/2/3
ammo_9x18_ap, ammo-9x18-ap, st_data_export_stash_type_rare, 40%, 1/2/3
ammo_9x18_fmj, ammo-9x18-fmj, st_data_export_stash_type_common, 48%, 1/2/3
ammo_9x18_fmj, ammo-9x18-fmj, st_data_export_stash_type_rare, 40%, 1/2/3
ammo_9x18_pmm, ammo-9x18-pmm, st_data_export_stash_type_common, 48%, 1/2/3
ammo_9x18_pmm, ammo-9x18-pmm, st_data_export_stash_type_rare, 40%, 1/2/3
ammo_9x19_ap, ammo-9x19-ap, st_data_export_stash_type_common, 45%, 1/2/3
ammo_9x19_ap, ammo-9x19-ap, st_data_export_stash_type_rare, 38%, 1/2/3
ammo_9x19_fmj, ammo-9x19-fmj, st_data_export_stash_type_common, 48%, 1/2/3
ammo_9x19_fmj, ammo-9x19-fmj, st_data_export_stash_type_rare, 40%, 1/2/3
ammo_9x19_pbp, ammo-9x19-pbp, st_data_export_stash_type_common, 48%, 1/2/3
ammo_9x19_pbp, ammo-9x19-pbp, st_data_export_stash_type_rare, 40%, 1/2/3
ammo_9x39_ap, ammo-9x39-ap, st_data_export_stash_type_common, 36%, 1/2/3
ammo_9x39_ap, ammo-9x39-ap, st_data_export_stash_type_rare, 30%, 1/2/3
ammo_9x39_pab9, ammo-9x39-pab9, st_data_export_stash_type_common, 48%, 1/2/3
ammo_9x39_pab9, ammo-9x39-pab9, st_data_export_stash_type_rare, 40%, 1/2/3
ammo_gauss, ammo-gauss, st_data_export_stash_type_common, 36%, 1/2
ammo_gauss, ammo-gauss, st_data_export_stash_type_rare, 30%, 1/2
ammo_m209, ammo-m209, st_data_export_stash_type_common, 36%, 1/2/3
ammo_m209, ammo-m209, st_data_export_stash_type_rare, 30%, 1/2/3
ammo_magnum_300, ammo-338-lapua, st_data_export_stash_type_common, 36%, 1/2
ammo_magnum_300, ammo-338-lapua, st_data_export_stash_type_rare, 30%, 1/2
ammo_og-7b, ammo-og-7b, st_data_export_stash_type_common, 36%, 1/2
ammo_og-7b, ammo-og-7b, st_data_export_stash_type_rare, 30%, 1/2
ammo_pkm_100, ammo-7.62x54-r, st_data_export_stash_type_common, 45%, 1/2/3
ammo_pkm_100, ammo-7.62x54-r, st_data_export_stash_type_rare, 38%, 1/2/3
ammo_vog-25, ammo-vog-25, st_data_export_stash_type_common, 36%, 1/2/3
ammo_vog-25, ammo-vog-25, st_data_export_stash_type_rare, 30%, 1/2/3
analgetic, st_analgetic, st_data_export_stash_type_common, 72%, 1/2/3
analgetic, st_analgetic, st_data_export_stash_type_rare, 68%, 1/2/3
antibio_chlor, st_antibio_chlor, st_data_export_stash_type_common, 72%, 1/2/3
antibio_chlor, st_antibio_chlor, st_data_export_stash_type_rare, 68%, 1/2/3
antibio_sulfad, st_antibio_sulfad, st_data_export_stash_type_common, 68%, 1/2/3
antibio_sulfad, st_antibio_sulfad, st_data_export_stash_type_rare, 64%, 1/2/3
antiemetic, st_antiemetic, st_data_export_stash_type_common, 54%, 1/2/3
antiemetic, st_antiemetic, st_data_export_stash_type_rare, 51%, 1/2/3
antirad, st_antirad, st_data_export_stash_type_common, 68%, 1/2/3
antirad, st_antirad, st_data_export_stash_type_rare, 64%, 1/2/3
antirad_cystamine, st_antirad_cystamine, st_data_export_stash_type_common, 68%, 1/2/3
antirad_cystamine, st_antirad_cystamine, st_data_export_stash_type_rare, 64%, 1/2/3
antirad_kalium, st_antirad_kalium, st_data_export_stash_type_common, 54%, 1/2/3
antirad_kalium, st_antirad_kalium, st_data_export_stash_type_rare, 51%, 1/2/3
armor_repair_fa, st_armor_repair_fa, st_data_export_stash_type_common, 15%, 1/3
armor_repair_fa, st_armor_repair_fa, st_data_export_stash_type_rare, 13%, 1/3
ball_hammer, st_ball_hammer, st_data_export_stash_type_common, 53%, 1/2/3
ball_hammer, st_ball_hammer, st_data_export_stash_type_rare, 4%, 1/2/3
bandage, st_bandage, st_data_export_stash_type_common, 90%, 1/3
bandage, st_bandage, st_data_export_stash_type_rare, 85%, 1/3
batteries_dead, st_batteries, st_data_export_stash_type_common, 14%, 1/2/3
batteries_dead, st_batteries, st_data_export_stash_type_rare, 5%, 1/2/3
beadspread, st_beadspread, st_data_export_stash_type_common, 53%, 1/2/3
beadspread, st_beadspread, st_data_export_stash_type_rare, 4%, 1/2/3
beans, st_beans, st_data_export_stash_type_common, 40%, 1/2/3
beans, st_beans, st_data_export_stash_type_rare, 0%, 1/2/3
beer, st_beer, st_data_export_stash_type_common, 60%, 1/2/3
beer, st_beer, st_data_export_stash_type_rare, 0%, 1/2/3
bolts_pack, st_bolts_pack, st_data_export_stash_type_common, 11%, 1/2/3
bolts_pack, st_bolts_pack, st_data_export_stash_type_rare, 4%, 1/2/3
boots, st_boots, st_data_export_stash_type_common, 53%, 1/2/3
boots, st_boots, st_data_export_stash_type_rare, 4%, 1/2/3
box_matches, st_box_matches, st_data_export_stash_type_common, 14%, 1/3
box_matches, st_box_matches, st_data_export_stash_type_rare, 5%, 1/3
bread, st_bread, st_data_export_stash_type_common, 40%, 1/2/3
bread, st_bread, st_data_export_stash_type_rare, 0%, 1/2/3
breadold, st_breadold, st_data_export_stash_type_common, 50%, 1/2/3
breadold, st_breadold, st_data_export_stash_type_rare, 0%, 1/2/3
broken_detector, st_broken_detector, st_data_export_stash_type_common, 53%, 1/2/3
broken_detector, st_broken_detector, st_data_export_stash_type_rare, 4%, 1/2/3
caffeine, st_caffeine, st_data_export_stash_type_common, 72%, 1/2/3
caffeine, st_caffeine, st_data_export_stash_type_rare, 68%, 1/2/3
cards, st_cards, st_data_export_stash_type_common, 70%, 1/2/3
cards, st_cards, st_data_export_stash_type_rare, 5%, 1/2/3
chili, st_chili, st_data_export_stash_type_common, 40%, 1/2/3
chili, st_chili, st_data_export_stash_type_rare, 0%, 1/2/3
chocolate, st_chocolate, st_data_export_stash_type_common, 38%, 1/2
chocolate, st_chocolate, st_data_export_stash_type_rare, 0%, 1/2
chocolate_p, st_chocolate_p, st_data_export_stash_type_common, 40%, 1/2/3
chocolate_p, st_chocolate_p, st_data_export_stash_type_rare, 0%, 1/2/3
cigar, st_cuban_cigar, st_data_export_stash_type_common, 45%, 1/2/3
cigar, st_cuban_cigar, st_data_export_stash_type_rare, 0%, 1/2/3
cigar1, st_cigar1, st_data_export_stash_type_common, 48%, 1/2/3
cigar1, st_cigar1, st_data_export_stash_type_rare, 0%, 1/2/3
cigar2, st_cigar2, st_data_export_stash_type_common, 45%, 1/2/3
cigar2, st_cigar2, st_data_export_stash_type_rare, 0%, 1/2/3
cigar3, st_cigar3, st_data_export_stash_type_common, 45%, 1/2/3
cigar3, st_cigar3, st_data_export_stash_type_rare, 0%, 1/2/3
cigarettes, st_cigarettes, st_data_export_stash_type_common, 48%, 1/2/3
cigarettes, st_cigarettes, st_data_export_stash_type_rare, 0%, 1/2/3
cigarettes_lucky, st_cigarettes_lucky, st_data_export_stash_type_common, 48%, 1/2/3
cigarettes_lucky, st_cigarettes_lucky, st_data_export_stash_type_rare, 0%, 1/2/3
cigarettes_russian, st_cigarettes_russian, st_data_export_stash_type_common, 60%, 1/2/3
cigarettes_russian, st_cigarettes_russian, st_data_export_stash_type_rare, 0%, 1/2/3
cleaning_kit_p, st_cleaning_kit_p, st_data_export_stash_type_common, 13%, 1/3
cleaning_kit_p, st_cleaning_kit_p, st_data_export_stash_type_rare, 12%, 1/3
cleaning_kit_r5, st_cleaning_kit_r5, st_data_export_stash_type_common, 10%, 1/3
cleaning_kit_r5, st_cleaning_kit_r5, st_data_export_stash_type_rare, 10%, 1/3
cleaning_kit_r7, st_cleaning_kit_r7, st_data_export_stash_type_common, 10%, 1/3
cleaning_kit_r7, st_cleaning_kit_r7, st_data_export_stash_type_rare, 10%, 1/3
cleaning_kit_s, st_cleaning_kit_s, st_data_export_stash_type_common, 13%, 1/3
cleaning_kit_s, st_cleaning_kit_s, st_data_export_stash_type_rare, 12%, 1/3
cleaning_kit_u, st_cleaning_kit_u, st_data_export_stash_type_common, 9%, 1/2/3
cleaning_kit_u, st_cleaning_kit_u, st_data_export_stash_type_rare, 6%, 1/2/3
cocaine, st_cocaine, st_data_export_stash_type_common, 45%, 1/2/3
cocaine, st_cocaine, st_data_export_stash_type_rare, 43%, 1/2/3
compression_bag, st_compression_bag, st_data_export_stash_type_common, 10%, 1/2/3
compression_bag, st_compression_bag, st_data_export_stash_type_rare, 4%, 1/2/3
conserva, st_conserva, st_data_export_stash_type_common, 40%, 1/2/3
conserva, st_conserva, st_data_export_stash_type_rare, 0%, 1/2/3
corn, st_corn, st_data_export_stash_type_common, 40%, 1/2/3
corn, st_corn, st_data_export_stash_type_rare, 0%, 1/2/3
cutlery, st_cutlery, st_data_export_stash_type_common, 56%, 1/2/3
cutlery, st_cutlery, st_data_export_stash_type_rare, 4%, 1/2/3
detector_advanced, st_detector2, st_data_export_stash_type_common, 2%, 1/2/3
detector_advanced, st_detector2, st_data_export_stash_type_rare, 8%, 1/2/3
detector_anomaly, st_detector8, st_data_export_stash_type_common, 4%, 1/2/3
detector_anomaly, st_detector8, st_data_export_stash_type_rare, 10%, 1/2/3
detector_elite, st_detector3, st_data_export_stash_type_common, 1%, 1/2/3
detector_elite, st_detector3, st_data_export_stash_type_rare, 6%, 1/2/3
detector_geiger, st_geiger_dead, st_data_export_stash_type_common, 4%, 1/2/3
detector_geiger, st_geiger_dead, st_data_export_stash_type_rare, 10%, 1/2/3
detector_radio, st_detector9, st_data_export_stash_type_common, 4%, 1/2/3
detector_radio, st_detector9, st_data_export_stash_type_rare, 10%, 1/2/3
detector_scientific, st_detector4, st_data_export_stash_type_common, 1%, 1/2/3
detector_scientific, st_detector4, st_data_export_stash_type_rare, 5%, 1/2/3
detector_simple, st_detector1, st_data_export_stash_type_common, 2%, 1/2/3
detector_simple, st_detector1, st_data_export_stash_type_rare, 8%, 1/2/3
device_flashlight, st_device_flashlight, st_data_export_stash_type_common, 4%, 1/2/3
device_flashlight, st_device_flashlight, st_data_export_stash_type_rare, 10%, 1/2/3
device_pda_2, st_pda_2_name, st_data_export_stash_type_common, 1%, 1/2/3
device_pda_2, st_pda_2_name, st_data_export_stash_type_rare, 6%, 1/2/3
device_pda_3, st_pda_3_name, st_data_export_stash_type_common, 1%, 1/2/3
device_pda_3, st_pda_3_name, st_data_export_stash_type_rare, 5%, 1/2/3
device_torch_dummy, st_device_torch_name, st_data_export_stash_type_common, 2%, 1/2/3
device_torch_dummy, st_device_torch_name, st_data_export_stash_type_rare, 8%, 1/2/3
device_torch_nv_1, st_device_torch_nv_1_name, st_data_export_stash_type_common, 2%, 1/2/3
device_torch_nv_1, st_device_torch_nv_1_name, st_data_export_stash_type_rare, 8%, 1/2/3
device_torch_nv_2, st_device_torch_nv_2_name, st_data_export_stash_type_common, 1%, 1/2/3
device_torch_nv_2, st_device_torch_nv_2_name, st_data_export_stash_type_rare, 6%, 1/2/3
device_torch_nv_3, st_device_torch_nv_3_name, st_data_export_stash_type_common, 1%, 1/2/3
device_torch_nv_3, st_device_torch_nv_3_name, st_data_export_stash_type_rare, 5%, 1/2/3
drink_crow, st_drink_crow, st_data_export_stash_type_common, 45%, 1/2/3
drink_crow, st_drink_crow, st_data_export_stash_type_rare, 0%, 1/2/3
drug_anabiotic, st_drug_anabiotic, st_data_export_stash_type_common, 45%, 1/2/3
drug_anabiotic, st_drug_anabiotic, st_data_export_stash_type_rare, 43%, 1/2/3
drug_antidot, st_drug_antidot, st_data_export_stash_type_common, 54%, 1/2/3
drug_antidot, st_drug_antidot, st_data_export_stash_type_rare, 51%, 1/2/3
drug_booster, st_drug_booster, st_data_export_stash_type_common, 68%, 1/2/3
drug_booster, st_drug_booster, st_data_export_stash_type_rare, 64%, 1/2/3
drug_coagulant, st_drug_coagulant, st_data_export_stash_type_common, 54%, 1/2/3
drug_coagulant, st_drug_coagulant, st_data_export_stash_type_rare, 51%, 1/2/3
drug_psy_blockade, st_drug_psy_blockade, st_data_export_stash_type_common, 68%, 1/2/3
drug_psy_blockade, st_drug_psy_blockade, st_data_export_stash_type_rare, 64%, 1/2/3
drug_radioprotector, st_drug_radioprotector, st_data_export_stash_type_common, 54%, 1/2/3
drug_radioprotector, st_drug_radioprotector, st_data_export_stash_type_rare, 51%, 1/2/3
drug_sleepingpills, st_sleepingpills, st_data_export_stash_type_common, 90%, 1/2/3
drug_sleepingpills, st_sleepingpills, st_data_export_stash_type_rare, 85%, 1/2/3
duct_tape, st_duct_tape, st_data_export_stash_type_common, 53%, 1/2/3
duct_tape, st_duct_tape, st_data_export_stash_type_rare, 4%, 1/2/3
e_syringe, st_e_syringe, st_data_export_stash_type_common, 56%, 1/2/3
e_syringe, st_e_syringe, st_data_export_stash_type_rare, 4%, 1/2/3
energy_drink, st_energy_drink, st_data_export_stash_type_common, 60%, 1/2/3
energy_drink, st_energy_drink, st_data_export_stash_type_rare, 0%, 1/2/3
exo_repair_kit, st_exo_repair_kit, st_data_export_stash_type_common, 9%, 1/2/3
exo_repair_kit, st_exo_repair_kit, st_data_export_stash_type_rare, 6%, 1/2/3
explo_metalcan_powder, st_metalcan_powder, st_data_export_stash_type_common, 11%, 1/2/3
explo_metalcan_powder, st_metalcan_powder, st_data_export_stash_type_rare, 4%, 1/2/3
fieldcooker, st_fieldcooker, st_data_export_stash_type_common, 6%, 1/2/3
fieldcooker, st_fieldcooker, st_data_export_stash_type_rare, 3%, 1/2/3
flashlight_broken, st_flashlight_broken, st_data_export_stash_type_common, 53%, 1/2/3
flashlight_broken, st_flashlight_broken, st_data_export_stash_type_rare, 4%, 1/2/3
gloves, st_gloves, st_data_export_stash_type_common, 53%, 1/2/3
gloves, st_gloves, st_data_export_stash_type_rare, 4%, 1/2/3
glucose, st_glucose, st_data_export_stash_type_common, 68%, 1/2/3
glucose, st_glucose, st_data_export_stash_type_rare, 64%, 1/2/3
glucose_s, st_glucose_s, st_data_export_stash_type_common, 72%, 1/2/3
glucose_s, st_glucose_s, st_data_export_stash_type_rare, 68%, 1/2/3
glue_a, st_glue_a, st_data_export_stash_type_common, 15%, 1/3
glue_a, st_glue_a, st_data_export_stash_type_rare, 13%, 1/3
glue_b, st_glue_b, st_data_export_stash_type_common, 17%, 1/3
glue_b, st_glue_b, st_data_export_stash_type_rare, 16%, 1/3
glue_e, st_glue_e, st_data_export_stash_type_common, 13%, 1/3
glue_e, st_glue_e, st_data_export_stash_type_rare, 12%, 1/3
grease, st_grease, st_data_export_stash_type_common, 42%, 1/2/3
grease, st_grease, st_data_export_stash_type_rare, 3%, 1/2/3
grooming, st_grooming, st_data_export_stash_type_common, 11%, 1/2/3
grooming, st_grooming, st_data_export_stash_type_rare, 4%, 1/2/3
guitar_a, st_guitar_name, st_data_export_stash_type_common, 11%, 1/2/3
guitar_a, st_guitar_name, st_data_export_stash_type_rare, 4%, 1/2/3
gun_oil, st_gun_oil, st_data_export_stash_type_common, 15%, 1/3
gun_oil, st_gun_oil, st_data_export_stash_type_rare, 13%, 1/3
gun_oil_ru, st_gun_oil_ru, st_data_export_stash_type_common, 17%, 1/3
gun_oil_ru, st_gun_oil_ru, st_data_export_stash_type_rare, 16%, 1/3
gun_oil_ru_d, st_gun_oil_ru_d, st_data_export_stash_type_common, 15%, 1/3
gun_oil_ru_d, st_gun_oil_ru_d, st_data_export_stash_type_rare, 13%, 1/3
hand_rolling_tobacco, st_hand_rolling_tobacco, st_data_export_stash_type_common, 48%, 1/2/3
hand_rolling_tobacco, st_hand_rolling_tobacco, st_data_export_stash_type_rare, 0%, 1/2/3
hand_watch, st_hand_watch, st_data_export_stash_type_common, 53%, 1/2/3
hand_watch, st_hand_watch, st_data_export_stash_type_rare, 4%, 1/2/3
harmonica_a, st_harmonica_name, st_data_export_stash_type_common, 11%, 1/2/3
harmonica_a, st_harmonica_name, st_data_export_stash_type_rare, 4%, 1/2/3
headlamp, st_headlamp, st_data_export_stash_type_common, 53%, 1/2/3
headlamp, st_headlamp, st_data_export_stash_type_rare, 4%, 1/2/3
heavy_repair_kit, st_exolight_repair_kit, st_data_export_stash_type_common, 9%, 1/2/3
heavy_repair_kit, st_exolight_repair_kit, st_data_export_stash_type_rare, 6%, 1/2/3
heavy_sewing_thread, st_heavy_sewing_thread, st_data_export_stash_type_common, 13%, 1/3
heavy_sewing_thread, st_heavy_sewing_thread, st_data_export_stash_type_rare, 12%, 1/3
helmet_repair_kit, st_helmet_repair_kit, st_data_export_stash_type_common, 10%, 1/2/3
helmet_repair_kit, st_helmet_repair_kit, st_data_export_stash_type_rare, 10%, 1/2/3
hide_bloodsucker, st_hide_bloodsucker_name, st_data_export_stash_type_common, 5%, 1/2/3
hide_bloodsucker, st_hide_bloodsucker_name, st_data_export_stash_type_rare, 5%, 1/2/3
hide_burer, st_hide_burer_name, st_data_export_stash_type_common, 4%, 1/2/3
hide_burer, st_hide_burer_name, st_data_export_stash_type_rare, 4%, 1/2/3
hide_chimera, st_hide_chimera_name, st_data_export_stash_type_common, 4%, 1/2/3
hide_chimera, st_hide_chimera_name, st_data_export_stash_type_rare, 4%, 1/2/3
hide_controller, st_hide_controller_name, st_data_export_stash_type_common, 3%, 1/2/3
hide_controller, st_hide_controller_name, st_data_export_stash_type_rare, 3%, 1/2/3
hide_flesh, st_hide_flesh_name, st_data_export_stash_type_common, 6%, 1/2/3
hide_flesh, st_hide_flesh_name, st_data_export_stash_type_rare, 6%, 1/2/3
hide_lurker, st_hide_lurker_name, st_data_export_stash_type_common, 5%, 1/2/3
hide_lurker, st_hide_lurker_name, st_data_export_stash_type_rare, 5%, 1/2/3
hide_pseudodog, st_hide_pseudodog_name, st_data_export_stash_type_common, 5%, 1/2/3
hide_pseudodog, st_hide_pseudodog_name, st_data_export_stash_type_rare, 5%, 1/2/3
hide_pseudogiant, st_hide_pseudogiant_name, st_data_export_stash_type_common, 3%, 1/2/3
hide_pseudogiant, st_hide_pseudogiant_name, st_data_export_stash_type_rare, 3%, 1/2/3
hide_psy_dog, st_hide_psy_dog_name, st_data_export_stash_type_common, 5%, 1/2/3
hide_psy_dog, st_hide_psy_dog_name, st_data_export_stash_type_rare, 5%, 1/2/3
hide_psysucker, st_hide_psysucker_name, st_data_export_stash_type_common, 5%, 1/2/3
hide_psysucker, st_hide_psysucker_name, st_data_export_stash_type_rare, 5%, 1/2/3
ied_new, st_ied, st_data_export_stash_type_common, 7%, 1/2/3
ied_new, st_ied, st_data_export_stash_type_rare, 3%, 1/2/3
ied_rpg_new, st_ied_rpg, st_data_export_stash_type_common, 8%, 1/2/3
ied_rpg_new, st_ied_rpg, st_data_export_stash_type_rare, 3%, 1/2/3
itm_advancedkit, st_itm_advancedkit_name, st_data_export_stash_type_common, 6%, 1/2/3
itm_advancedkit, st_itm_advancedkit_name, st_data_export_stash_type_rare, 3%, 1/2/3
itm_ammokit, st_itm_ammokit, st_data_export_stash_type_common, 8%, 1/2/3
itm_ammokit, st_itm_ammokit, st_data_export_stash_type_rare, 3%, 1/2/3
itm_basickit, st_itm_basickit_name, st_data_export_stash_type_common, 8%, 1/2/3
itm_basickit, st_itm_basickit_name, st_data_export_stash_type_rare, 3%, 1/2/3
itm_drugkit, st_itm_drugkit, st_data_export_stash_type_common, 8%, 1/2/3
itm_drugkit, st_itm_drugkit, st_data_export_stash_type_rare, 3%, 1/2/3
itm_expertkit, st_itm_expertkit_name, st_data_export_stash_type_common, 6%, 1/2/3
itm_expertkit, st_itm_expertkit_name, st_data_export_stash_type_rare, 2%, 1/2/3
itm_sleepbag, st_itm_sleepbag_name, st_data_export_stash_type_common, 8%, 1/2/3
itm_sleepbag, st_itm_sleepbag_name, st_data_export_stash_type_rare, 3%, 1/2/3
itm_tent, st_itm_tent_name, st_data_export_stash_type_common, 6%, 1/2/3
itm_tent, st_itm_tent_name, st_data_export_stash_type_rare, 3%, 1/2/3
jar, st_jar, st_data_export_stash_type_common, 56%, 1/2/3
jar, st_jar, st_data_export_stash_type_rare, 4%, 1/2/3
jewelry_box, st_jewelry_box, st_data_export_stash_type_common, 35%, 1/2/3
jewelry_box, st_jewelry_box, st_data_export_stash_type_rare, 3%, 1/2/3
jgut, st_jgut_zhgut, st_data_export_stash_type_common, 72%, 1/2/3
jgut, st_jgut_zhgut, st_data_export_stash_type_rare, 68%, 1/2/3
joint, st_joint, st_data_export_stash_type_common, 48%, 1/2/3
joint, st_joint, st_data_export_stash_type_rare, 0%, 1/2/3
kolbasa, st_kolbasa, st_data_export_stash_type_common, 38%, 1/2/3
kolbasa, st_kolbasa, st_data_export_stash_type_rare, 0%, 1/2/3
lead_box, st_lead_box_name, st_data_export_stash_type_common, 3%, 1/2/3
lead_box, st_lead_box_name, st_data_export_stash_type_rare, 8%, 1/2/3
leatherman_tool, st_leatherman_tool, st_data_export_stash_type_common, 8%, 1/2/3
leatherman_tool, st_leatherman_tool, st_data_export_stash_type_rare, 3%, 1/2/3
light_repair_kit, st_light_repair_kit, st_data_export_stash_type_common, 13%, 1/2/3
light_repair_kit, st_light_repair_kit, st_data_export_stash_type_rare, 12%, 1/2/3
marijuana, st_marijuana, st_data_export_stash_type_common, 18%, 1/2/3
marijuana, st_marijuana, st_data_export_stash_type_rare, 0%, 1/2/3
matches, st_matches, st_data_export_stash_type_common, 11%, 1/2/3
matches, st_matches, st_data_export_stash_type_rare, 4%, 1/2/3
meat_bloodsucker, st_meat_bloodsucker, st_data_export_stash_type_common, 38%, 1/2/3
meat_bloodsucker, st_meat_bloodsucker, st_data_export_stash_type_rare, 0%, 1/2/3
meat_bloodsucker_a, st_meat_bloodsucker, st_data_export_stash_type_common, 10%, 1/2/3
meat_bloodsucker_a, st_meat_bloodsucker, st_data_export_stash_type_rare, 0%, 1/2/3
meat_bloodsucker_b, st_meat_bloodsucker, st_data_export_stash_type_common, 38%, 1/2/3
meat_bloodsucker_b, st_meat_bloodsucker, st_data_export_stash_type_rare, 0%, 1/2/3
meat_boar, st_meat_boar, st_data_export_stash_type_common, 40%, 1/2/3
meat_boar, st_meat_boar, st_data_export_stash_type_rare, 0%, 1/2/3
meat_boar_a, st_meat_boar, st_data_export_stash_type_common, 38%, 1/2/3
meat_boar_a, st_meat_boar, st_data_export_stash_type_rare, 0%, 1/2/3
meat_boar_b, st_meat_boar, st_data_export_stash_type_common, 40%, 1/2/3
meat_boar_b, st_meat_boar, st_data_export_stash_type_rare, 0%, 1/2/3
meat_chimera, st_meat_chimera, st_data_export_stash_type_common, 10%, 1/2/3
meat_chimera, st_meat_chimera, st_data_export_stash_type_rare, 0%, 1/2/3
meat_chimera_a, st_meat_chimera, st_data_export_stash_type_common, 5%, 1/2/3
meat_chimera_a, st_meat_chimera, st_data_export_stash_type_rare, 0%, 1/2/3
meat_chimera_b, st_meat_chimera, st_data_export_stash_type_common, 10%, 1/2/3
meat_chimera_b, st_meat_chimera, st_data_export_stash_type_rare, 0%, 1/2/3
meat_dog, st_meat_dog, st_data_export_stash_type_common, 50%, 1/2/3
meat_dog, st_meat_dog, st_data_export_stash_type_rare, 0%, 1/2/3
meat_dog_a, st_meat_dog, st_data_export_stash_type_common, 40%, 1/2/3
meat_dog_a, st_meat_dog, st_data_export_stash_type_rare, 0%, 1/2/3
meat_dog_b, st_meat_dog, st_data_export_stash_type_common, 50%, 1/2/3
meat_dog_b, st_meat_dog, st_data_export_stash_type_rare, 0%, 1/2/3
meat_flesh, st_meat_flesh, st_data_export_stash_type_common, 40%, 1/2/3
meat_flesh, st_meat_flesh, st_data_export_stash_type_rare, 0%, 1/2/3
meat_flesh_a, st_meat_flesh, st_data_export_stash_type_common, 38%, 1/2/3
meat_flesh_a, st_meat_flesh, st_data_export_stash_type_rare, 0%, 1/2/3
meat_flesh_b, st_meat_flesh, st_data_export_stash_type_common, 40%, 1/2/3
meat_flesh_b, st_meat_flesh, st_data_export_stash_type_rare, 0%, 1/2/3
meat_lurker, st_meat_lurker, st_data_export_stash_type_common, 38%, 1/2/3
meat_lurker, st_meat_lurker, st_data_export_stash_type_rare, 0%, 1/2/3
meat_lurker_a, st_meat_lurker, st_data_export_stash_type_common, 10%, 1/2/3
meat_lurker_a, st_meat_lurker, st_data_export_stash_type_rare, 0%, 1/2/3
meat_lurker_b, st_meat_lurker, st_data_export_stash_type_common, 38%, 1/2/3
meat_lurker_b, st_meat_lurker, st_data_export_stash_type_rare, 0%, 1/2/3
meat_pseudodog, st_meat_pseudodog, st_data_export_stash_type_common, 40%, 1/2/3
meat_pseudodog, st_meat_pseudodog, st_data_export_stash_type_rare, 0%, 1/2/3
meat_pseudodog_a, st_meat_pseudodog, st_data_export_stash_type_common, 38%, 1/2/3
meat_pseudodog_a, st_meat_pseudodog, st_data_export_stash_type_rare, 0%, 1/2/3
meat_pseudodog_b, st_meat_pseudodog, st_data_export_stash_type_common, 40%, 1/2/3
meat_pseudodog_b, st_meat_pseudodog, st_data_export_stash_type_rare, 0%, 1/2/3
meat_psysucker, st_meat_psysucker, st_data_export_stash_type_common, 38%, 1/2/3
meat_psysucker, st_meat_psysucker, st_data_export_stash_type_rare, 0%, 1/2/3
meat_psysucker_a, st_meat_psysucker, st_data_export_stash_type_common, 10%, 1/2/3
meat_psysucker_a, st_meat_psysucker, st_data_export_stash_type_rare, 0%, 1/2/3
meat_psysucker_b, st_meat_psysucker, st_data_export_stash_type_common, 38%, 1/2/3
meat_psysucker_b, st_meat_psysucker, st_data_export_stash_type_rare, 0%, 1/2/3
meat_snork, st_meat_snork, st_data_export_stash_type_common, 50%, 1/2/3
meat_snork, st_meat_snork, st_data_export_stash_type_rare, 0%, 1/2/3
meat_snork_a, st_meat_snork, st_data_export_stash_type_common, 40%, 1/2/3
meat_snork_a, st_meat_snork, st_data_export_stash_type_rare, 0%, 1/2/3
meat_snork_b, st_meat_snork, st_data_export_stash_type_common, 50%, 1/2/3
meat_snork_b, st_meat_snork, st_data_export_stash_type_rare, 0%, 1/2/3
meat_tushkano, st_meat_tushkano, st_data_export_stash_type_common, 50%, 1/2/3
meat_tushkano, st_meat_tushkano, st_data_export_stash_type_rare, 0%, 1/2/3
meat_tushkano_a, st_meat_tushkano, st_data_export_stash_type_common, 40%, 1/2/3
meat_tushkano_a, st_meat_tushkano, st_data_export_stash_type_rare, 0%, 1/2/3
meat_tushkano_b, st_meat_tushkano, st_data_export_stash_type_common, 50%, 1/2/3
meat_tushkano_b, st_meat_tushkano, st_data_export_stash_type_rare, 0%, 1/2/3
medium_repair_kit, st_medium_repair_kit, st_data_export_stash_type_common, 10%, 1/2/3
medium_repair_kit, st_medium_repair_kit, st_data_export_stash_type_rare, 10%, 1/2/3
medkit, st_medkit, st_data_export_stash_type_common, 72%, 1/2/3
medkit, st_medkit, st_data_export_stash_type_rare, 68%, 1/2/3
medkit_army, st_medkit_army, st_data_export_stash_type_common, 54%, 1/2/3
medkit_army, st_medkit_army, st_data_export_stash_type_rare, 51%, 1/2/3
medkit_scientic, st_medkit_science, st_data_export_stash_type_common, 54%, 1/2/3
medkit_scientic, st_medkit_science, st_data_export_stash_type_rare, 51%, 1/2/3
meinkampf, st_meinkampf, st_data_export_stash_type_common, 53%, 1/2/3
meinkampf, st_meinkampf, st_data_export_stash_type_rare, 4%, 1/2/3
mine_new, st_mine_name, st_data_export_stash_type_common, 11%, 1/2/3
mine_new, st_mine_name, st_data_export_stash_type_rare, 4%, 1/2/3
mint, st_mint, st_data_export_stash_type_common, 40%, 1/2/3
mint, st_mint, st_data_export_stash_type_rare, 0%, 1/2/3
mirror, st_mirror, st_data_export_stash_type_common, 56%, 1/2/3
mirror, st_mirror, st_data_export_stash_type_rare, 4%, 1/2/3
money_1000, st_roubles_1000_name, st_data_export_stash_type_common, 11%, 1/2/3
money_1000, st_roubles_1000_name, st_data_export_stash_type_rare, 4%, 1/2/3
money_1000_5000, st_roubles, st_data_export_stash_type_common, 11%, 1/2/3
money_1000_5000, st_roubles, st_data_export_stash_type_rare, 4%, 1/2/3
money_5000, st_roubles_5000_name, st_data_export_stash_type_common, 8%, 1/2/3
money_5000, st_roubles_5000_name, st_data_export_stash_type_rare, 3%, 1/2/3
money_5000_end, st_roubles, st_data_export_stash_type_common, 7%, 1/2/3
money_5000_end, st_roubles, st_data_export_stash_type_rare, 3%, 1/2/3
money_800_900, st_roubles, st_data_export_stash_type_common, 11%, 1/2/3
money_800_900, st_roubles, st_data_export_stash_type_rare, 4%, 1/2/3
morphine, st_morphine, st_data_export_stash_type_common, 45%, 1/2/3
morphine, st_morphine, st_data_export_stash_type_rare, 43%, 1/2/3
mre, st_mre, st_data_export_stash_type_common, 15%, 1/2/3
mre, st_mre, st_data_export_stash_type_rare, 0%, 1/2/3
mutant_part_boar_leg, mutant_boar_leg, st_data_export_stash_type_common, 45%, 1/2/3
mutant_part_boar_leg, mutant_boar_leg, st_data_export_stash_type_rare, 20%, 1/2/3
mutant_part_brain_burer, mutant_brain_burer, st_data_export_stash_type_common, 18%, 1/2/3
mutant_part_brain_burer, mutant_brain_burer, st_data_export_stash_type_rare, 12%, 1/2/3
mutant_part_burer_hand, mutant_burer_hand, st_data_export_stash_type_common, 18%, 1/2/3
mutant_part_burer_hand, mutant_burer_hand, st_data_export_stash_type_rare, 12%, 1/2/3
mutant_part_cat_claw, mutant_cat_claw, st_data_export_stash_type_common, 45%, 1/2/3
mutant_part_cat_claw, mutant_cat_claw, st_data_export_stash_type_rare, 20%, 1/2/3
mutant_part_cat_tail, mutant_cat_tail, st_data_export_stash_type_common, 36%, 1/2/3
mutant_part_cat_tail, mutant_cat_tail, st_data_export_stash_type_rare, 16%, 1/2/3
mutant_part_cat_thyroid, mutant_cat_thyroid, st_data_export_stash_type_common, 36%, 1/2/3
mutant_part_cat_thyroid, mutant_cat_thyroid, st_data_export_stash_type_rare, 16%, 1/2/3
mutant_part_chimera_claw, mutant_chimera_claw, st_data_export_stash_type_common, 34%, 1/2/3
mutant_part_chimera_claw, mutant_chimera_claw, st_data_export_stash_type_rare, 15%, 1/2/3
mutant_part_chimera_kogot, mutant_chimera_cogot, st_data_export_stash_type_common, 18%, 1/2/3
mutant_part_chimera_kogot, mutant_chimera_cogot, st_data_export_stash_type_rare, 12%, 1/2/3
mutant_part_controller_glass, mutant_part_controller_brain_tissue, st_data_export_stash_type_common, 14%, 1/2/3
mutant_part_controller_glass, mutant_part_controller_brain_tissue, st_data_export_stash_type_rare, 10%, 1/2/3
mutant_part_controller_hand, mutant_controller_hand, st_data_export_stash_type_common, 14%, 1/2/3
mutant_part_controller_hand, mutant_controller_hand, st_data_export_stash_type_rare, 10%, 1/2/3
mutant_part_crow_beak, st_mutant_part_crow_beak, st_data_export_stash_type_common, 34%, 1/2/3
mutant_part_crow_beak, st_mutant_part_crow_beak, st_data_export_stash_type_rare, 15%, 1/2/3
mutant_part_dog_heart, mutant_dog_heart, st_data_export_stash_type_common, 45%, 1/2/3
mutant_part_dog_heart, mutant_dog_heart, st_data_export_stash_type_rare, 20%, 1/2/3
mutant_part_dog_tail, mutant_dog_tail, st_data_export_stash_type_common, 45%, 1/2/3
mutant_part_dog_tail, mutant_dog_tail, st_data_export_stash_type_rare, 20%, 1/2/3
mutant_part_fang_psevdodog, mutant_fang_psevdodog, st_data_export_stash_type_common, 36%, 1/2/3
mutant_part_fang_psevdodog, mutant_fang_psevdodog, st_data_export_stash_type_rare, 16%, 1/2/3
mutant_part_flesh_eye, mutant_flesh_eye, st_data_export_stash_type_common, 45%, 1/2/3
mutant_part_flesh_eye, mutant_flesh_eye, st_data_export_stash_type_rare, 20%, 1/2/3
mutant_part_fracture_hand, mutant_fracture_hand, st_data_export_stash_type_common, 36%, 1/2/3
mutant_part_fracture_hand, mutant_fracture_hand, st_data_export_stash_type_rare, 16%, 1/2/3
mutant_part_heart_bloodsucker, mutant_heart_bloodsucker, st_data_export_stash_type_common, 36%, 1/2/3
mutant_part_heart_bloodsucker, mutant_heart_bloodsucker, st_data_export_stash_type_rare, 16%, 1/2/3
mutant_part_heart_chimera, mutant_heart_chimera, st_data_export_stash_type_common, 34%, 1/2/3
mutant_part_heart_chimera, mutant_heart_chimera, st_data_export_stash_type_rare, 15%, 1/2/3
mutant_part_krovosos_jaw, mutant_krovosos_jaw, st_data_export_stash_type_common, 36%, 1/2/3
mutant_part_krovosos_jaw, mutant_krovosos_jaw, st_data_export_stash_type_rare, 16%, 1/2/3
mutant_part_lurker_eye, mutant_lurker_eye, st_data_export_stash_type_common, 34%, 1/2/3
mutant_part_lurker_eye, mutant_lurker_eye, st_data_export_stash_type_rare, 15%, 1/2/3
mutant_part_lurker_tail, mutant_lurker_tail, st_data_export_stash_type_common, 34%, 1/2/3
mutant_part_lurker_tail, mutant_lurker_tail, st_data_export_stash_type_rare, 15%, 1/2/3
mutant_part_pseudogigant_eye, mutant_pseudogigant_eye, st_data_export_stash_type_common, 14%, 1/2/3
mutant_part_pseudogigant_eye, mutant_pseudogigant_eye, st_data_export_stash_type_rare, 10%, 1/2/3
mutant_part_pseudogigant_hand, mutant_pseudogigant_hand, st_data_export_stash_type_common, 14%, 1/2/3
mutant_part_pseudogigant_hand, mutant_pseudogigant_hand, st_data_export_stash_type_rare, 10%, 1/2/3
mutant_part_psevdodog_tail, mutant_psevdodog_tail, st_data_export_stash_type_common, 36%, 1/2/3
mutant_part_psevdodog_tail, mutant_psevdodog_tail, st_data_export_stash_type_rare, 16%, 1/2/3
mutant_part_psysucker_hand, mutant_psysucker_hand, st_data_export_stash_type_common, 34%, 1/2/3
mutant_part_psysucker_hand, mutant_psysucker_hand, st_data_export_stash_type_rare, 15%, 1/2/3
mutant_part_snork_leg, mutant_snork_leg, st_data_export_stash_type_common, 36%, 1/2/3
mutant_part_snork_leg, mutant_snork_leg, st_data_export_stash_type_rare, 16%, 1/2/3
mutant_part_snork_mask, mutant_snork_mask, st_data_export_stash_type_common, 45%, 1/2/3
mutant_part_snork_mask, mutant_snork_mask, st_data_export_stash_type_rare, 20%, 1/2/3
mutant_part_tushkano_head, mutant_tushkano_head, st_data_export_stash_type_common, 45%, 1/2/3
mutant_part_tushkano_head, mutant_tushkano_head, st_data_export_stash_type_rare, 20%, 1/2/3
mutant_part_tusk_boar, mutant_tusk_boar, st_data_export_stash_type_common, 36%, 1/2/3
mutant_part_tusk_boar, mutant_tusk_boar, st_data_export_stash_type_rare, 16%, 1/2/3
mutant_part_zombi_hand, mutant_zombi_hand, st_data_export_stash_type_common, 45%, 1/2/3
mutant_part_zombi_hand, mutant_zombi_hand, st_data_export_stash_type_rare, 20%, 1/2/3
nuts, st_nuts, st_data_export_stash_type_common, 38%, 1/2
nuts, st_nuts, st_data_export_stash_type_rare, 0%, 1/2
partskit_tool, st_partskit, st_data_export_stash_type_common, 13%, 1/2/3
partskit_tool, st_partskit, st_data_export_stash_type_rare, 12%, 1/2/3
picture_woman, st_picture_woman, st_data_export_stash_type_common, 70%, 1/2/3
picture_woman, st_picture_woman, st_data_export_stash_type_rare, 5%, 1/2/3
porn, st_porn, st_data_export_stash_type_common, 56%, 1/2/3
porn, st_porn, st_data_export_stash_type_rare, 4%, 1/2/3
porn2, st_porn2, st_data_export_stash_type_common, 56%, 1/2/3
porn2, st_porn2, st_data_export_stash_type_rare, 4%, 1/2/3
powder_poltergeist, st_powder_poltergeist, st_data_export_stash_type_common, 4%, 1/2/3
powder_poltergeist, st_powder_poltergeist, st_data_export_stash_type_rare, 4%, 1/2/3
protein, st_protein, st_data_export_stash_type_common, 38%, 1/2/3
protein, st_protein, st_data_export_stash_type_rare, 0%, 1/2/3
prt_i_ammo, st_prt_i_ammo, st_data_export_stash_type_common, 80%, 1/2/3
prt_i_ammo, st_prt_i_ammo, st_data_export_stash_type_rare, 80%, 1/2/3
prt_i_capacitors, st_prt_i_capacitors, st_data_export_stash_type_common, 64%, 1/2/3
prt_i_capacitors, st_prt_i_capacitors, st_data_export_stash_type_rare, 64%, 1/2/3
prt_i_copper, st_prt_i_copper, st_data_export_stash_type_common, 64%, 1/2/3
prt_i_copper, st_prt_i_copper, st_data_export_stash_type_rare, 64%, 1/2/3
prt_i_fasteners, st_prt_i_fasteners, st_data_export_stash_type_common, 80%, 1/2/3
prt_i_fasteners, st_prt_i_fasteners, st_data_export_stash_type_rare, 80%, 1/2/3
prt_i_paper, st_prt_i_paper, st_data_export_stash_type_common, 80%, 1/2/3
prt_i_paper, st_prt_i_paper, st_data_export_stash_type_rare, 80%, 1/2/3
prt_i_plastic, st_prt_i_plastic, st_data_export_stash_type_common, 80%, 1/2/3
prt_i_plastic, st_prt_i_plastic, st_data_export_stash_type_rare, 80%, 1/2/3
prt_i_resistors, st_prt_i_resistors, st_data_export_stash_type_common, 64%, 1/2/3
prt_i_resistors, st_prt_i_resistors, st_data_export_stash_type_rare, 64%, 1/2/3
prt_i_scrap, st_prt_i_scrap, st_data_export_stash_type_common, 80%, 1/2/3
prt_i_scrap, st_prt_i_scrap, st_data_export_stash_type_rare, 80%, 1/2/3
prt_i_textolite, st_prt_i_textolite, st_data_export_stash_type_common, 64%, 1/2/3
prt_i_textolite, st_prt_i_textolite, st_data_export_stash_type_rare, 64%, 1/2/3
prt_i_transistors, st_prt_i_transistors, st_data_export_stash_type_common, 64%, 1/2/3
prt_i_transistors, st_prt_i_transistors, st_data_export_stash_type_rare, 64%, 1/2/3
prt_o_ballistic_1, st_prt_o_ballistic_1, st_data_export_stash_type_common, 48%, 1/2/3
prt_o_ballistic_1, st_prt_o_ballistic_1, st_data_export_stash_type_rare, 48%, 1/2/3
prt_o_ballistic_10, st_prt_o_ballistic_10, st_data_export_stash_type_common, 48%, 1/2/3
prt_o_ballistic_10, st_prt_o_ballistic_10, st_data_export_stash_type_rare, 48%, 1/2/3
prt_o_ballistic_11, st_prt_o_ballistic_11, st_data_export_stash_type_common, 48%, 1/2/3
prt_o_ballistic_11, st_prt_o_ballistic_11, st_data_export_stash_type_rare, 48%, 1/2/3
prt_o_ballistic_12, st_prt_o_ballistic_12, st_data_export_stash_type_common, 48%, 1/2/3
prt_o_ballistic_12, st_prt_o_ballistic_12, st_data_export_stash_type_rare, 48%, 1/2/3
prt_o_ballistic_13, st_prt_o_ballistic_13, st_data_export_stash_type_common, 48%, 1/2/3
prt_o_ballistic_13, st_prt_o_ballistic_13, st_data_export_stash_type_rare, 48%, 1/2/3
prt_o_ballistic_14, st_prt_o_ballistic_14, st_data_export_stash_type_common, 48%, 1/2/3
prt_o_ballistic_14, st_prt_o_ballistic_14, st_data_export_stash_type_rare, 48%, 1/2/3
prt_o_ballistic_15, st_prt_o_ballistic_15, st_data_export_stash_type_common, 48%, 1/2/3
prt_o_ballistic_15, st_prt_o_ballistic_15, st_data_export_stash_type_rare, 48%, 1/2/3
prt_o_ballistic_16, st_prt_o_ballistic_16, st_data_export_stash_type_common, 48%, 1/2/3
prt_o_ballistic_16, st_prt_o_ballistic_16, st_data_export_stash_type_rare, 48%, 1/2/3
prt_o_ballistic_17, st_prt_o_ballistic_17, st_data_export_stash_type_common, 48%, 1/2/3
prt_o_ballistic_17, st_prt_o_ballistic_17, st_data_export_stash_type_rare, 48%, 1/2/3
prt_o_ballistic_18, st_prt_o_ballistic_18, st_data_export_stash_type_common, 48%, 1/2/3
prt_o_ballistic_18, st_prt_o_ballistic_18, st_data_export_stash_type_rare, 48%, 1/2/3
prt_o_ballistic_19, st_prt_o_ballistic_19, st_data_export_stash_type_common, 48%, 1/2/3
prt_o_ballistic_19, st_prt_o_ballistic_19, st_data_export_stash_type_rare, 48%, 1/2/3
prt_o_ballistic_2, st_prt_o_ballistic_2, st_data_export_stash_type_common, 48%, 1/2/3
prt_o_ballistic_2, st_prt_o_ballistic_2, st_data_export_stash_type_rare, 48%, 1/2/3
prt_o_ballistic_20, st_prt_o_ballistic_20, st_data_export_stash_type_common, 48%, 1/2/3
prt_o_ballistic_20, st_prt_o_ballistic_20, st_data_export_stash_type_rare, 48%, 1/2/3
prt_o_ballistic_3, st_prt_o_ballistic_3, st_data_export_stash_type_common, 48%, 1/2/3
prt_o_ballistic_3, st_prt_o_ballistic_3, st_data_export_stash_type_rare, 48%, 1/2/3
prt_o_ballistic_4, st_prt_o_ballistic_4, st_data_export_stash_type_common, 48%, 1/2/3
prt_o_ballistic_4, st_prt_o_ballistic_4, st_data_export_stash_type_rare, 48%, 1/2/3
prt_o_ballistic_5, st_prt_o_ballistic_5, st_data_export_stash_type_common, 48%, 1/2/3
prt_o_ballistic_5, st_prt_o_ballistic_5, st_data_export_stash_type_rare, 48%, 1/2/3
prt_o_ballistic_6, st_prt_o_ballistic_6, st_data_export_stash_type_common, 48%, 1/2/3
prt_o_ballistic_6, st_prt_o_ballistic_6, st_data_export_stash_type_rare, 48%, 1/2/3
prt_o_ballistic_7, st_prt_o_ballistic_7, st_data_export_stash_type_common, 48%, 1/2/3
prt_o_ballistic_7, st_prt_o_ballistic_7, st_data_export_stash_type_rare, 48%, 1/2/3
prt_o_ballistic_8, st_prt_o_ballistic_8, st_data_export_stash_type_common, 48%, 1/2/3
prt_o_ballistic_8, st_prt_o_ballistic_8, st_data_export_stash_type_rare, 48%, 1/2/3
prt_o_ballistic_9, st_prt_o_ballistic_9, st_data_export_stash_type_common, 48%, 1/2/3
prt_o_ballistic_9, st_prt_o_ballistic_9, st_data_export_stash_type_rare, 48%, 1/2/3
prt_o_fabrics_1, st_prt_o_fabrics_1, st_data_export_stash_type_common, 64%, 1/2/3
prt_o_fabrics_1, st_prt_o_fabrics_1, st_data_export_stash_type_rare, 64%, 1/2/3
prt_o_fabrics_2, st_prt_o_fabrics_2, st_data_export_stash_type_common, 64%, 1/2/3
prt_o_fabrics_2, st_prt_o_fabrics_2, st_data_export_stash_type_rare, 64%, 1/2/3
prt_o_fabrics_3, st_prt_o_fabrics_3, st_data_export_stash_type_common, 64%, 1/2/3
prt_o_fabrics_3, st_prt_o_fabrics_3, st_data_export_stash_type_rare, 64%, 1/2/3
prt_o_fabrics_4, st_prt_o_fabrics_4, st_data_export_stash_type_common, 64%, 1/2/3
prt_o_fabrics_4, st_prt_o_fabrics_4, st_data_export_stash_type_rare, 64%, 1/2/3
prt_o_retardant_1, st_prt_o_retardant_1, st_data_export_stash_type_common, 60%, 1/2/3
prt_o_retardant_1, st_prt_o_retardant_1, st_data_export_stash_type_rare, 60%, 1/2/3
prt_o_retardant_10, st_prt_o_retardant_10, st_data_export_stash_type_common, 60%, 1/2/3
prt_o_retardant_10, st_prt_o_retardant_10, st_data_export_stash_type_rare, 60%, 1/2/3
prt_o_retardant_11, st_prt_o_retardant_11, st_data_export_stash_type_common, 60%, 1/2/3
prt_o_retardant_11, st_prt_o_retardant_11, st_data_export_stash_type_rare, 60%, 1/2/3
prt_o_retardant_12, st_prt_o_retardant_12, st_data_export_stash_type_common, 60%, 1/2/3
prt_o_retardant_12, st_prt_o_retardant_12, st_data_export_stash_type_rare, 60%, 1/2/3
prt_o_retardant_13, st_prt_o_retardant_13, st_data_export_stash_type_common, 60%, 1/2/3
prt_o_retardant_13, st_prt_o_retardant_13, st_data_export_stash_type_rare, 60%, 1/2/3
prt_o_retardant_14, st_prt_o_retardant_14, st_data_export_stash_type_common, 60%, 1/2/3
prt_o_retardant_14, st_prt_o_retardant_14, st_data_export_stash_type_rare, 60%, 1/2/3
prt_o_retardant_15, st_prt_o_retardant_15, st_data_export_stash_type_common, 60%, 1/2/3
prt_o_retardant_15, st_prt_o_retardant_15, st_data_export_stash_type_rare, 60%, 1/2/3
prt_o_retardant_16, st_prt_o_retardant_16, st_data_export_stash_type_common, 60%, 1/2/3
prt_o_retardant_16, st_prt_o_retardant_16, st_data_export_stash_type_rare, 60%, 1/2/3
prt_o_retardant_17, st_prt_o_retardant_17, st_data_export_stash_type_common, 60%, 1/2/3
prt_o_retardant_17, st_prt_o_retardant_17, st_data_export_stash_type_rare, 60%, 1/2/3
prt_o_retardant_18, st_prt_o_retardant_18, st_data_export_stash_type_common, 60%, 1/2/3
prt_o_retardant_18, st_prt_o_retardant_18, st_data_export_stash_type_rare, 60%, 1/2/3
prt_o_retardant_19, st_prt_o_retardant_19, st_data_export_stash_type_common, 60%, 1/2/3
prt_o_retardant_19, st_prt_o_retardant_19, st_data_export_stash_type_rare, 60%, 1/2/3
prt_o_retardant_2, st_prt_o_retardant_2, st_data_export_stash_type_common, 60%, 1/2/3
prt_o_retardant_2, st_prt_o_retardant_2, st_data_export_stash_type_rare, 60%, 1/2/3
prt_o_retardant_20, st_prt_o_retardant_20, st_data_export_stash_type_common, 60%, 1/2/3
prt_o_retardant_20, st_prt_o_retardant_20, st_data_export_stash_type_rare, 60%, 1/2/3
prt_o_retardant_3, st_prt_o_retardant_3, st_data_export_stash_type_common, 60%, 1/2/3
prt_o_retardant_3, st_prt_o_retardant_3, st_data_export_stash_type_rare, 60%, 1/2/3
prt_o_retardant_4, st_prt_o_retardant_4, st_data_export_stash_type_common, 60%, 1/2/3
prt_o_retardant_4, st_prt_o_retardant_4, st_data_export_stash_type_rare, 60%, 1/2/3
prt_o_retardant_5, st_prt_o_retardant_5, st_data_export_stash_type_common, 60%, 1/2/3
prt_o_retardant_5, st_prt_o_retardant_5, st_data_export_stash_type_rare, 60%, 1/2/3
prt_o_retardant_6, st_prt_o_retardant_6, st_data_export_stash_type_common, 60%, 1/2/3
prt_o_retardant_6, st_prt_o_retardant_6, st_data_export_stash_type_rare, 60%, 1/2/3
prt_o_retardant_7, st_prt_o_retardant_7, st_data_export_stash_type_common, 60%, 1/2/3
prt_o_retardant_7, st_prt_o_retardant_7, st_data_export_stash_type_rare, 60%, 1/2/3
prt_o_retardant_8, st_prt_o_retardant_8, st_data_export_stash_type_common, 60%, 1/2/3
prt_o_retardant_8, st_prt_o_retardant_8, st_data_export_stash_type_rare, 60%, 1/2/3
prt_o_retardant_9, st_prt_o_retardant_9, st_data_export_stash_type_common, 60%, 1/2/3
prt_o_retardant_9, st_prt_o_retardant_9, st_data_export_stash_type_rare, 60%, 1/2/3
prt_w_barrel_1, st_barrel_1, st_data_export_stash_type_common, 40%, 1/2/3
prt_w_barrel_1, st_barrel_1, st_data_export_stash_type_rare, 40%, 1/2/3
prt_w_barrel_10, st_barrel_10, st_data_export_stash_type_common, 40%, 1/2/3
prt_w_barrel_10, st_barrel_10, st_data_export_stash_type_rare, 40%, 1/2/3
prt_w_barrel_11, st_barrel_11, st_data_export_stash_type_common, 40%, 1/2/3
prt_w_barrel_11, st_barrel_11, st_data_export_stash_type_rare, 40%, 1/2/3
prt_w_barrel_12, st_barrel_12, st_data_export_stash_type_common, 40%, 1/2/3
prt_w_barrel_12, st_barrel_12, st_data_export_stash_type_rare, 40%, 1/2/3
prt_w_barrel_2, st_barrel_2, st_data_export_stash_type_common, 40%, 1/2/3
prt_w_barrel_2, st_barrel_2, st_data_export_stash_type_rare, 40%, 1/2/3
prt_w_barrel_3, st_barrel_3, st_data_export_stash_type_common, 40%, 1/2/3
prt_w_barrel_3, st_barrel_3, st_data_export_stash_type_rare, 40%, 1/2/3
prt_w_barrel_4, st_barrel_4, st_data_export_stash_type_common, 40%, 1/2/3
prt_w_barrel_4, st_barrel_4, st_data_export_stash_type_rare, 40%, 1/2/3
prt_w_barrel_5, st_barrel_5, st_data_export_stash_type_common, 40%, 1/2/3
prt_w_barrel_5, st_barrel_5, st_data_export_stash_type_rare, 40%, 1/2/3
prt_w_barrel_6, st_barrel_6, st_data_export_stash_type_common, 40%, 1/2/3
prt_w_barrel_6, st_barrel_6, st_data_export_stash_type_rare, 40%, 1/2/3
prt_w_barrel_7, st_barrel_7, st_data_export_stash_type_common, 40%, 1/2/3
prt_w_barrel_7, st_barrel_7, st_data_export_stash_type_rare, 40%, 1/2/3
prt_w_barrel_8, st_barrel_8, st_data_export_stash_type_common, 40%, 1/2/3
prt_w_barrel_8, st_barrel_8, st_data_export_stash_type_rare, 40%, 1/2/3
prt_w_barrel_9, st_barrel_9, st_data_export_stash_type_common, 40%, 1/2/3
prt_w_barrel_9, st_barrel_9, st_data_export_stash_type_rare, 40%, 1/2/3
prt_w_bolt_1, st_bolt_1, st_data_export_stash_type_common, 60%, 1/2/3
prt_w_bolt_1, st_bolt_1, st_data_export_stash_type_rare, 60%, 1/2/3
prt_w_bolt_10, st_bolt_10, st_data_export_stash_type_common, 60%, 1/2/3
prt_w_bolt_10, st_bolt_10, st_data_export_stash_type_rare, 60%, 1/2/3
prt_w_bolt_11, st_bolt_11, st_data_export_stash_type_common, 60%, 1/2/3
prt_w_bolt_11, st_bolt_11, st_data_export_stash_type_rare, 60%, 1/2/3
prt_w_bolt_12, st_bolt_12, st_data_export_stash_type_common, 60%, 1/2/3
prt_w_bolt_12, st_bolt_12, st_data_export_stash_type_rare, 60%, 1/2/3
prt_w_bolt_13, st_bolt_13, st_data_export_stash_type_common, 60%, 1/2/3
prt_w_bolt_13, st_bolt_13, st_data_export_stash_type_rare, 60%, 1/2/3
prt_w_bolt_14, st_bolt_14, st_data_export_stash_type_common, 60%, 1/2/3
prt_w_bolt_14, st_bolt_14, st_data_export_stash_type_rare, 60%, 1/2/3
prt_w_bolt_15, st_bolt_15, st_data_export_stash_type_common, 60%, 1/2/3
prt_w_bolt_15, st_bolt_15, st_data_export_stash_type_rare, 60%, 1/2/3
prt_w_bolt_16, st_bolt_16, st_data_export_stash_type_common, 60%, 1/2/3
prt_w_bolt_16, st_bolt_16, st_data_export_stash_type_rare, 60%, 1/2/3
prt_w_bolt_17, st_bolt_17, st_data_export_stash_type_common, 60%, 1/2/3
prt_w_bolt_17, st_bolt_17, st_data_export_stash_type_rare, 60%, 1/2/3
prt_w_bolt_2, st_bolt_2, st_data_export_stash_type_common, 60%, 1/2/3
prt_w_bolt_2, st_bolt_2, st_data_export_stash_type_rare, 60%, 1/2/3
prt_w_bolt_3, st_bolt_3, st_data_export_stash_type_common, 60%, 1/2/3
prt_w_bolt_3, st_bolt_3, st_data_export_stash_type_rare, 60%, 1/2/3
prt_w_bolt_4, st_bolt_4, st_data_export_stash_type_common, 60%, 1/2/3
prt_w_bolt_4, st_bolt_4, st_data_export_stash_type_rare, 60%, 1/2/3
prt_w_bolt_5, st_bolt_5, st_data_export_stash_type_common, 60%, 1/2/3
prt_w_bolt_5, st_bolt_5, st_data_export_stash_type_rare, 60%, 1/2/3
prt_w_bolt_6, st_bolt_6, st_data_export_stash_type_common, 60%, 1/2/3
prt_w_bolt_6, st_bolt_6, st_data_export_stash_type_rare, 60%, 1/2/3
prt_w_bolt_7, st_bolt_7, st_data_export_stash_type_common, 60%, 1/2/3
prt_w_bolt_7, st_bolt_7, st_data_export_stash_type_rare, 60%, 1/2/3
prt_w_bolt_8, st_bolt_8, st_data_export_stash_type_common, 60%, 1/2/3
prt_w_bolt_8, st_bolt_8, st_data_export_stash_type_rare, 60%, 1/2/3
prt_w_bolt_9, st_bolt_9, st_data_export_stash_type_common, 60%, 1/2/3
prt_w_bolt_9, st_bolt_9, st_data_export_stash_type_rare, 60%, 1/2/3
prt_w_bolt_carrier_1, st_bolt_carrier_1, st_data_export_stash_type_common, 60%, 1/2/3
prt_w_bolt_carrier_1, st_bolt_carrier_1, st_data_export_stash_type_rare, 60%, 1/2/3
prt_w_bolt_carrier_10, st_bolt_carrier_10, st_data_export_stash_type_common, 60%, 1/2/3
prt_w_bolt_carrier_10, st_bolt_carrier_10, st_data_export_stash_type_rare, 60%, 1/2/3
prt_w_bolt_carrier_11, st_bolt_carrier_11, st_data_export_stash_type_common, 60%, 1/2/3
prt_w_bolt_carrier_11, st_bolt_carrier_11, st_data_export_stash_type_rare, 60%, 1/2/3
prt_w_bolt_carrier_2, st_bolt_carrier_2, st_data_export_stash_type_common, 60%, 1/2/3
prt_w_bolt_carrier_2, st_bolt_carrier_2, st_data_export_stash_type_rare, 60%, 1/2/3
prt_w_bolt_carrier_3, st_bolt_carrier_3, st_data_export_stash_type_common, 60%, 1/2/3
prt_w_bolt_carrier_3, st_bolt_carrier_3, st_data_export_stash_type_rare, 60%, 1/2/3
prt_w_bolt_carrier_4, st_bolt_carrier_4, st_data_export_stash_type_common, 60%, 1/2/3
prt_w_bolt_carrier_4, st_bolt_carrier_4, st_data_export_stash_type_rare, 60%, 1/2/3
prt_w_bolt_carrier_5, st_bolt_carrier_5, st_data_export_stash_type_common, 60%, 1/2/3
prt_w_bolt_carrier_5, st_bolt_carrier_5, st_data_export_stash_type_rare, 60%, 1/2/3
prt_w_bolt_carrier_6, st_bolt_carrier_6, st_data_export_stash_type_common, 60%, 1/2/3
prt_w_bolt_carrier_6, st_bolt_carrier_6, st_data_export_stash_type_rare, 60%, 1/2/3
prt_w_bolt_carrier_7, st_bolt_carrier_7, st_data_export_stash_type_common, 60%, 1/2/3
prt_w_bolt_carrier_7, st_bolt_carrier_7, st_data_export_stash_type_rare, 60%, 1/2/3
prt_w_bolt_carrier_8, st_bolt_carrier_8, st_data_export_stash_type_common, 60%, 1/2/3
prt_w_bolt_carrier_8, st_bolt_carrier_8, st_data_export_stash_type_rare, 60%, 1/2/3
prt_w_bolt_carrier_9, st_bolt_carrier_9, st_data_export_stash_type_common, 60%, 1/2/3
prt_w_bolt_carrier_9, st_bolt_carrier_9, st_data_export_stash_type_rare, 60%, 1/2/3
prt_w_gas_tube_1, st_gas_tube_1, st_data_export_stash_type_common, 64%, 1/2/3
prt_w_gas_tube_1, st_gas_tube_1, st_data_export_stash_type_rare, 64%, 1/2/3
prt_w_gas_tube_10, st_gas_tube_10, st_data_export_stash_type_common, 64%, 1/2/3
prt_w_gas_tube_10, st_gas_tube_10, st_data_export_stash_type_rare, 64%, 1/2/3
prt_w_gas_tube_11, st_gas_tube_11, st_data_export_stash_type_common, 64%, 1/2/3
prt_w_gas_tube_11, st_gas_tube_11, st_data_export_stash_type_rare, 64%, 1/2/3
prt_w_gas_tube_2, st_gas_tube_2, st_data_export_stash_type_common, 64%, 1/2/3
prt_w_gas_tube_2, st_gas_tube_2, st_data_export_stash_type_rare, 64%, 1/2/3
prt_w_gas_tube_3, st_gas_tube_3, st_data_export_stash_type_common, 64%, 1/2/3
prt_w_gas_tube_3, st_gas_tube_3, st_data_export_stash_type_rare, 64%, 1/2/3
prt_w_gas_tube_4, st_gas_tube_4, st_data_export_stash_type_common, 64%, 1/2/3
prt_w_gas_tube_4, st_gas_tube_4, st_data_export_stash_type_rare, 64%, 1/2/3
prt_w_gas_tube_5, st_gas_tube_5, st_data_export_stash_type_common, 64%, 1/2/3
prt_w_gas_tube_5, st_gas_tube_5, st_data_export_stash_type_rare, 64%, 1/2/3
prt_w_gas_tube_6, st_gas_tube_6, st_data_export_stash_type_common, 64%, 1/2/3
prt_w_gas_tube_6, st_gas_tube_6, st_data_export_stash_type_rare, 64%, 1/2/3
prt_w_gas_tube_7, st_gas_tube_7, st_data_export_stash_type_common, 64%, 1/2/3
prt_w_gas_tube_7, st_gas_tube_7, st_data_export_stash_type_rare, 64%, 1/2/3
prt_w_gas_tube_8, st_gas_tube_8, st_data_export_stash_type_common, 64%, 1/2/3
prt_w_gas_tube_8, st_gas_tube_8, st_data_export_stash_type_rare, 64%, 1/2/3
prt_w_gas_tube_9, st_gas_tube_9, st_data_export_stash_type_common, 64%, 1/2/3
prt_w_gas_tube_9, st_gas_tube_9, st_data_export_stash_type_rare, 64%, 1/2/3
prt_w_p_barrel_1, st_prt_w_p_barrel_1, st_data_export_stash_type_common, 48%, 1/2/3
prt_w_p_barrel_1, st_prt_w_p_barrel_1, st_data_export_stash_type_rare, 48%, 1/2/3
prt_w_p_barrel_2, st_prt_w_p_barrel_2, st_data_export_stash_type_common, 48%, 1/2/3
prt_w_p_barrel_2, st_prt_w_p_barrel_2, st_data_export_stash_type_rare, 48%, 1/2/3
prt_w_p_barrel_3, st_prt_w_p_barrel_3, st_data_export_stash_type_common, 48%, 1/2/3
prt_w_p_barrel_3, st_prt_w_p_barrel_3, st_data_export_stash_type_rare, 48%, 1/2/3
prt_w_p_barrel_4, st_prt_w_p_barrel_4, st_data_export_stash_type_common, 48%, 1/2/3
prt_w_p_barrel_4, st_prt_w_p_barrel_4, st_data_export_stash_type_rare, 48%, 1/2/3
prt_w_p_barrel_5, st_prt_w_p_barrel_5, st_data_export_stash_type_common, 48%, 1/2/3
prt_w_p_barrel_5, st_prt_w_p_barrel_5, st_data_export_stash_type_rare, 48%, 1/2/3
prt_w_p_barrel_6, st_prt_w_p_barrel_6, st_data_export_stash_type_common, 48%, 1/2/3
prt_w_p_barrel_6, st_prt_w_p_barrel_6, st_data_export_stash_type_rare, 48%, 1/2/3
prt_w_p_barrel_7, st_prt_w_p_barrel_7, st_data_export_stash_type_common, 48%, 1/2/3
prt_w_p_barrel_7, st_prt_w_p_barrel_7, st_data_export_stash_type_rare, 48%, 1/2/3
prt_w_p_spring_1, st_prt_w_p_spring_1, st_data_export_stash_type_common, 64%, 1/2/3
prt_w_p_spring_1, st_prt_w_p_spring_1, st_data_export_stash_type_rare, 64%, 1/2/3
prt_w_p_spring_2, st_prt_w_p_spring_2, st_data_export_stash_type_common, 64%, 1/2/3
prt_w_p_spring_2, st_prt_w_p_spring_2, st_data_export_stash_type_rare, 64%, 1/2/3
prt_w_p_spring_3, st_prt_w_p_spring_3, st_data_export_stash_type_common, 64%, 1/2/3
prt_w_p_spring_3, st_prt_w_p_spring_3, st_data_export_stash_type_rare, 64%, 1/2/3
prt_w_p_spring_4, st_prt_w_p_spring_4, st_data_export_stash_type_common, 64%, 1/2/3
prt_w_p_spring_4, st_prt_w_p_spring_4, st_data_export_stash_type_rare, 64%, 1/2/3
prt_w_p_spring_5, st_prt_w_p_spring_5, st_data_export_stash_type_common, 64%, 1/2/3
prt_w_p_spring_5, st_prt_w_p_spring_5, st_data_export_stash_type_rare, 64%, 1/2/3
prt_w_p_spring_6, st_prt_w_p_spring_6, st_data_export_stash_type_common, 64%, 1/2/3
prt_w_p_spring_6, st_prt_w_p_spring_6, st_data_export_stash_type_rare, 64%, 1/2/3
prt_w_p_trigger_1, st_prt_w_p_trigger_1, st_data_export_stash_type_common, 60%, 1/2/3
prt_w_p_trigger_1, st_prt_w_p_trigger_1, st_data_export_stash_type_rare, 60%, 1/2/3
prt_w_p_trigger_2, st_prt_w_p_trigger_2, st_data_export_stash_type_common, 60%, 1/2/3
prt_w_p_trigger_2, st_prt_w_p_trigger_2, st_data_export_stash_type_rare, 60%, 1/2/3
prt_w_p_trigger_3, st_prt_w_p_trigger_3, st_data_export_stash_type_common, 60%, 1/2/3
prt_w_p_trigger_3, st_prt_w_p_trigger_3, st_data_export_stash_type_rare, 60%, 1/2/3
prt_w_p_trigger_4, st_prt_w_p_trigger_4, st_data_export_stash_type_common, 60%, 1/2/3
prt_w_p_trigger_4, st_prt_w_p_trigger_4, st_data_export_stash_type_rare, 60%, 1/2/3
prt_w_trigger_components_1, st_trigger_components_1, st_data_export_stash_type_common, 48%, 1/2/3
prt_w_trigger_components_1, st_trigger_components_1, st_data_export_stash_type_rare, 48%, 1/2/3
prt_w_trigger_components_2, st_trigger_components_2, st_data_export_stash_type_common, 48%, 1/2/3
prt_w_trigger_components_2, st_trigger_components_2, st_data_export_stash_type_rare, 48%, 1/2/3
prt_w_trigger_components_3, st_trigger_components_3, st_data_export_stash_type_common, 48%, 1/2/3
prt_w_trigger_components_3, st_trigger_components_3, st_data_export_stash_type_rare, 48%, 1/2/3
prt_w_trigger_components_4, st_trigger_components_4, st_data_export_stash_type_common, 48%, 1/2/3
prt_w_trigger_components_4, st_trigger_components_4, st_data_export_stash_type_rare, 48%, 1/2/3
prt_w_trigger_components_5, st_trigger_components_5, st_data_export_stash_type_common, 48%, 1/2/3
prt_w_trigger_components_5, st_trigger_components_5, st_data_export_stash_type_rare, 48%, 1/2/3
prt_w_trigger_components_6, st_trigger_components_6, st_data_export_stash_type_common, 48%, 1/2/3
prt_w_trigger_components_6, st_trigger_components_6, st_data_export_stash_type_rare, 48%, 1/2/3
radio, st_radio, st_data_export_stash_type_common, 53%, 1/2/3
radio, st_radio, st_data_export_stash_type_rare, 4%, 1/2/3
radio2, st_radio2, st_data_export_stash_type_common, 53%, 1/2/3
radio2, st_radio2, st_data_export_stash_type_rare, 4%, 1/2/3
raid_anomaly_visor, st_raid_anomaly_visor, st_data_export_stash_type_common, 1%, 1/2/3
raid_anomaly_visor, st_raid_anomaly_visor, st_data_export_stash_type_rare, 5%, 1/2/3
raid_fuel_item, st_raid_fuel, st_data_export_stash_type_common, 56%, 1/2/3
raid_fuel_item, st_raid_fuel, st_data_export_stash_type_rare, 4%, 1/2/3
raid_injector_1, st_raid_injector_1, st_data_export_stash_type_common, 45%, 1/2
raid_injector_1, st_raid_injector_1, st_data_export_stash_type_rare, 43%, 1/2
raid_injector_2, st_raid_injector_2, st_data_export_stash_type_common, 45%, 1/2/3
raid_injector_2, st_raid_injector_2, st_data_export_stash_type_rare, 43%, 1/2/3
raisins, st_raisins, st_data_export_stash_type_common, 50%, 1/2/3
raisins, st_raisins, st_data_export_stash_type_rare, 0%, 1/2/3
ration_ru, st_ration_ru, st_data_export_stash_type_common, 10%, 1/2/3
ration_ru, st_ration_ru, st_data_export_stash_type_rare, 0%, 1/2/3
ration_ukr, st_ration_ukr, st_data_export_stash_type_common, 10%, 1/2/3
ration_ukr, st_ration_ukr, st_data_export_stash_type_rare, 0%, 1/2/3
rebirth, st_rebirth, st_data_export_stash_type_common, 45%, 1/2/3
rebirth, st_rebirth, st_data_export_stash_type_rare, 43%, 1/2/3
rope, st_rope, st_data_export_stash_type_common, 56%, 1/2/3
rope, st_rope, st_data_export_stash_type_rare, 4%, 1/2/3
roubles, st_roubles, st_data_export_stash_type_common, 14%, 1/2/3
roubles, st_roubles, st_data_export_stash_type_rare, 5%, 1/2/3
salicidic_acid, st_salicidic_acid, st_data_export_stash_type_common, 54%, 1/2/3
salicidic_acid, st_salicidic_acid, st_data_export_stash_type_rare, 51%, 1/2/3
salmon, st_salmon, st_data_export_stash_type_common, 50%, 1/2/3
salmon, st_salmon, st_data_export_stash_type_rare, 0%, 1/2/3
sausage, st_sausage, st_data_export_stash_type_common, 40%, 1/2/3
sausage, st_sausage, st_data_export_stash_type_rare, 0%, 1/2/3
sewing_kit_a, st_sewing_kit_a, st_data_export_stash_type_common, 10%, 1/3
sewing_kit_a, st_sewing_kit_a, st_data_export_stash_type_rare, 10%, 1/3
sewing_kit_b, st_sewing_kit_b, st_data_export_stash_type_common, 13%, 1/3
sewing_kit_b, st_sewing_kit_b, st_data_export_stash_type_rare, 12%, 1/3
sewing_kit_h, st_sewing_kit_h, st_data_export_stash_type_common, 9%, 1/3
sewing_kit_h, st_sewing_kit_h, st_data_export_stash_type_rare, 6%, 1/3
sewing_thread, st_sewing_thread, st_data_export_stash_type_common, 15%, 1/3
sewing_thread, st_sewing_thread, st_data_export_stash_type_rare, 13%, 1/3
sharpening_stones, st_sharpening_stones, st_data_export_stash_type_common, 13%, 1/2/3
sharpening_stones, st_sharpening_stones, st_data_export_stash_type_rare, 12%, 1/2/3
shovel_mili, st_shovel_mili, st_data_export_stash_type_common, 53%, 1/2/3
shovel_mili, st_shovel_mili, st_data_export_stash_type_rare, 4%, 1/2/3
shovel_old, st_shovel_old, st_data_export_stash_type_common, 56%, 1/2/3
shovel_old, st_shovel_old, st_data_export_stash_type_rare, 4%, 1/2/3
solvent, st_solvent, st_data_export_stash_type_common, 15%, 1/3
solvent, st_solvent, st_data_export_stash_type_rare, 13%, 1/3
steel_wool, st_steel_wool, st_data_export_stash_type_common, 42%, 1/2/3
steel_wool, st_steel_wool, st_data_export_stash_type_rare, 3%, 1/2/3
stimpack, st_stim_impro, st_data_export_stash_type_common, 72%, 1/2/3
stimpack, st_stim_impro, st_data_export_stash_type_rare, 68%, 1/2/3
stimpack_army, st_stim_military, st_data_export_stash_type_common, 54%, 1/2/3
stimpack_army, st_stim_military, st_data_export_stash_type_rare, 51%, 1/2/3
stimpack_scientic, st_stim_scientic, st_data_export_stash_type_common, 45%, 1/2/3
stimpack_scientic, st_stim_scientic, st_data_export_stash_type_rare, 43%, 1/2/3
survival_kit, st_survival_kit, st_data_export_stash_type_common, 45%, 1/2/3
survival_kit, st_survival_kit, st_data_export_stash_type_rare, 43%, 1/2/3
swiss_knife, st_swiss, st_data_export_stash_type_common, 11%, 1/2/3
swiss_knife, st_swiss, st_data_export_stash_type_rare, 4%, 1/2/3
synthrope, st_synthrope, st_data_export_stash_type_common, 53%, 1/2/3
synthrope, st_synthrope, st_data_export_stash_type_rare, 4%, 1/2/3
tarpaulin, st_tarpaulin, st_data_export_stash_type_common, 53%, 1/2/3
tarpaulin, st_tarpaulin, st_data_export_stash_type_rare, 4%, 1/2/3
tea, st_tea, st_data_export_stash_type_common, 45%, 1/2/3
tea, st_tea, st_data_export_stash_type_rare, 0%, 1/2/3
tetanus, st_tetanus, st_data_export_stash_type_common, 68%, 1/2/3
tetanus, st_tetanus, st_data_export_stash_type_rare, 64%, 1/2/3
tobacco, st_tobacco, st_data_export_stash_type_common, 48%, 1/2/3
tobacco, st_tobacco, st_data_export_stash_type_rare, 0%, 1/2/3
tomato, st_tomato, st_data_export_stash_type_common, 40%, 1/2/3
tomato, st_tomato, st_data_export_stash_type_rare, 0%, 1/2/3
toolkit_p, st_repair_kit_p, st_data_export_stash_type_common, 10%, 1/2/3
toolkit_p, st_repair_kit_p, st_data_export_stash_type_rare, 10%, 1/2/3
toolkit_r5, st_repair_kit_r5, st_data_export_stash_type_common, 9%, 1/2/3
toolkit_r5, st_repair_kit_r5, st_data_export_stash_type_rare, 6%, 1/2/3
toolkit_r7, st_repair_kit_r7, st_data_export_stash_type_common, 9%, 1/2/3
toolkit_r7, st_repair_kit_r7, st_data_export_stash_type_rare, 6%, 1/2/3
toolkit_s, st_repair_kit_s, st_data_export_stash_type_common, 10%, 1/2/3
toolkit_s, st_repair_kit_s, st_data_export_stash_type_rare, 10%, 1/2/3
tushonka, st_tushonka, st_data_export_stash_type_common, 38%, 1/2/3
tushonka, st_tushonka, st_data_export_stash_type_rare, 0%, 1/2/3
underwear, st_underwear, st_data_export_stash_type_common, 56%, 1/2/3
underwear, st_underwear, st_data_export_stash_type_rare, 4%, 1/2/3
upgr_o_1_armor, st_upgr_o_armor, st_data_export_stash_type_common, 16%, 1/2/3
upgr_o_1_armor, st_upgr_o_armor, st_data_export_stash_type_rare, 12%, 1/2/3
upgr_o_1_arty, st_upgr_o_arty, st_data_export_stash_type_common, 15%, 1/2/3
upgr_o_1_arty, st_upgr_o_arty, st_data_export_stash_type_rare, 11%, 1/2/3
upgr_o_1_bleed, st_upgr_o_bleed, st_data_export_stash_type_common, 15%, 1/2/3
upgr_o_1_bleed, st_upgr_o_bleed, st_data_export_stash_type_rare, 11%, 1/2/3
upgr_o_1_burn, st_upgr_o_burn, st_data_export_stash_type_common, 16%, 1/2/3
upgr_o_1_burn, st_upgr_o_burn, st_data_export_stash_type_rare, 12%, 1/2/3
upgr_o_1_carry, st_upgr_o_carry, st_data_export_stash_type_common, 15%, 1/2/3
upgr_o_1_carry, st_upgr_o_carry, st_data_export_stash_type_rare, 11%, 1/2/3
upgr_o_1_chem, st_upgr_o_chem, st_data_export_stash_type_common, 16%, 1/2/3
upgr_o_1_chem, st_upgr_o_chem, st_data_export_stash_type_rare, 12%, 1/2/3
upgr_o_1_damage, st_upgr_o_damage, st_data_export_stash_type_common, 16%, 1/2/3
upgr_o_1_damage, st_upgr_o_damage, st_data_export_stash_type_rare, 12%, 1/2/3
upgr_o_1_durability, st_upgr_o_durability, st_data_export_stash_type_common, 16%, 1/2/3
upgr_o_1_durability, st_upgr_o_durability, st_data_export_stash_type_rare, 12%, 1/2/3
upgr_o_1_health, st_upgr_o_health, st_data_export_stash_type_common, 15%, 1/2/3
upgr_o_1_health, st_upgr_o_health, st_data_export_stash_type_rare, 11%, 1/2/3
upgr_o_1_power, st_upgr_o_power, st_data_export_stash_type_common, 16%, 1/2/3
upgr_o_1_power, st_upgr_o_power, st_data_export_stash_type_rare, 12%, 1/2/3
upgr_o_1_psi, st_upgr_o_psi, st_data_export_stash_type_common, 16%, 1/2/3
upgr_o_1_psi, st_upgr_o_psi, st_data_export_stash_type_rare, 12%, 1/2/3
upgr_o_1_rad, st_upgr_o_rad, st_data_export_stash_type_common, 16%, 1/2/3
upgr_o_1_rad, st_upgr_o_rad, st_data_export_stash_type_rare, 12%, 1/2/3
upgr_o_1_run, st_upgr_o_run, st_data_export_stash_type_common, 8%, 1/2/3
upgr_o_1_run, st_upgr_o_run, st_data_export_stash_type_rare, 8%, 1/2/3
upgr_o_1_shock, st_upgr_o_shock, st_data_export_stash_type_common, 16%, 1/2/3
upgr_o_1_shock, st_upgr_o_shock, st_data_export_stash_type_rare, 12%, 1/2/3
upgr_o_1_weight, st_upgr_o_weight, st_data_export_stash_type_common, 16%, 1/2/3
upgr_o_1_weight, st_upgr_o_weight, st_data_export_stash_type_rare, 12%, 1/2/3
upgr_o_2_armor, st_upgr_o_armor, st_data_export_stash_type_common, 15%, 1/2/3
upgr_o_2_armor, st_upgr_o_armor, st_data_export_stash_type_rare, 11%, 1/2/3
upgr_o_2_arty, st_upgr_o_arty, st_data_export_stash_type_common, 12%, 1/2/3
upgr_o_2_arty, st_upgr_o_arty, st_data_export_stash_type_rare, 9%, 1/2/3
upgr_o_2_bleed, st_upgr_o_bleed, st_data_export_stash_type_common, 12%, 1/2/3
upgr_o_2_bleed, st_upgr_o_bleed, st_data_export_stash_type_rare, 9%, 1/2/3
upgr_o_2_burn, st_upgr_o_burn, st_data_export_stash_type_common, 15%, 1/2/3
upgr_o_2_burn, st_upgr_o_burn, st_data_export_stash_type_rare, 11%, 1/2/3
upgr_o_2_carry, st_upgr_o_carry, st_data_export_stash_type_common, 12%, 1/2/3
upgr_o_2_carry, st_upgr_o_carry, st_data_export_stash_type_rare, 9%, 1/2/3
upgr_o_2_chem, st_upgr_o_chem, st_data_export_stash_type_common, 15%, 1/2/3
upgr_o_2_chem, st_upgr_o_chem, st_data_export_stash_type_rare, 11%, 1/2/3
upgr_o_2_damage, st_upgr_o_damage, st_data_export_stash_type_common, 15%, 1/2/3
upgr_o_2_damage, st_upgr_o_damage, st_data_export_stash_type_rare, 11%, 1/2/3
upgr_o_2_durability, st_upgr_o_durability, st_data_export_stash_type_common, 15%, 1/2/3
upgr_o_2_durability, st_upgr_o_durability, st_data_export_stash_type_rare, 11%, 1/2/3
upgr_o_2_health, st_upgr_o_health, st_data_export_stash_type_common, 12%, 1/2/3
upgr_o_2_health, st_upgr_o_health, st_data_export_stash_type_rare, 9%, 1/2/3
upgr_o_2_power, st_upgr_o_power, st_data_export_stash_type_common, 15%, 1/2/3
upgr_o_2_power, st_upgr_o_power, st_data_export_stash_type_rare, 11%, 1/2/3
upgr_o_2_psi, st_upgr_o_psi, st_data_export_stash_type_common, 15%, 1/2/3
upgr_o_2_psi, st_upgr_o_psi, st_data_export_stash_type_rare, 11%, 1/2/3
upgr_o_2_rad, st_upgr_o_rad, st_data_export_stash_type_common, 15%, 1/2/3
upgr_o_2_rad, st_upgr_o_rad, st_data_export_stash_type_rare, 11%, 1/2/3
upgr_o_2_run, st_upgr_o_run, st_data_export_stash_type_common, 8%, 1/2/3
upgr_o_2_run, st_upgr_o_run, st_data_export_stash_type_rare, 8%, 1/2/3
upgr_o_2_shock, st_upgr_o_shock, st_data_export_stash_type_common, 15%, 1/2/3
upgr_o_2_shock, st_upgr_o_shock, st_data_export_stash_type_rare, 11%, 1/2/3
upgr_o_2_weight, st_upgr_o_weight, st_data_export_stash_type_common, 15%, 1/2/3
upgr_o_2_weight, st_upgr_o_weight, st_data_export_stash_type_rare, 11%, 1/2/3
upgr_o_3_armor, st_upgr_o_armor, st_data_export_stash_type_common, 12%, 1/2/3
upgr_o_3_armor, st_upgr_o_armor, st_data_export_stash_type_rare, 9%, 1/2/3
upgr_o_3_arty, st_upgr_o_arty, st_data_export_stash_type_common, 12%, 1/2/3
upgr_o_3_arty, st_upgr_o_arty, st_data_export_stash_type_rare, 9%, 1/2/3
upgr_o_3_bleed, st_upgr_o_bleed, st_data_export_stash_type_common, 8%, 1/2/3
upgr_o_3_bleed, st_upgr_o_bleed, st_data_export_stash_type_rare, 8%, 1/2/3
upgr_o_3_burn, st_upgr_o_burn, st_data_export_stash_type_common, 12%, 1/2/3
upgr_o_3_burn, st_upgr_o_burn, st_data_export_stash_type_rare, 9%, 1/2/3
upgr_o_3_carry, st_upgr_o_carry, st_data_export_stash_type_common, 12%, 1/2/3
upgr_o_3_carry, st_upgr_o_carry, st_data_export_stash_type_rare, 9%, 1/2/3
upgr_o_3_chem, st_upgr_o_chem, st_data_export_stash_type_common, 12%, 1/2/3
upgr_o_3_chem, st_upgr_o_chem, st_data_export_stash_type_rare, 9%, 1/2/3
upgr_o_3_damage, st_upgr_o_damage, st_data_export_stash_type_common, 12%, 1/2/3
upgr_o_3_damage, st_upgr_o_damage, st_data_export_stash_type_rare, 9%, 1/2/3
upgr_o_3_durability, st_upgr_o_durability, st_data_export_stash_type_common, 12%, 1/2/3
upgr_o_3_durability, st_upgr_o_durability, st_data_export_stash_type_rare, 9%, 1/2/3
upgr_o_3_health, st_upgr_o_health, st_data_export_stash_type_common, 8%, 1/2/3
upgr_o_3_health, st_upgr_o_health, st_data_export_stash_type_rare, 8%, 1/2/3
upgr_o_3_power, st_upgr_o_power, st_data_export_stash_type_common, 12%, 1/2/3
upgr_o_3_power, st_upgr_o_power, st_data_export_stash_type_rare, 9%, 1/2/3
upgr_o_3_psi, st_upgr_o_psi, st_data_export_stash_type_common, 12%, 1/2/3
upgr_o_3_psi, st_upgr_o_psi, st_data_export_stash_type_rare, 9%, 1/2/3
upgr_o_3_rad, st_upgr_o_rad, st_data_export_stash_type_common, 12%, 1/2/3
upgr_o_3_rad, st_upgr_o_rad, st_data_export_stash_type_rare, 9%, 1/2/3
upgr_o_3_run, st_upgr_o_run, st_data_export_stash_type_common, 8%, 1/2/3
upgr_o_3_run, st_upgr_o_run, st_data_export_stash_type_rare, 8%, 1/2/3
upgr_o_3_shock, st_upgr_o_shock, st_data_export_stash_type_common, 12%, 1/2/3
upgr_o_3_shock, st_upgr_o_shock, st_data_export_stash_type_rare, 9%, 1/2/3
upgr_o_3_weight, st_upgr_o_weight, st_data_export_stash_type_common, 12%, 1/2/3
upgr_o_3_weight, st_upgr_o_weight, st_data_export_stash_type_rare, 9%, 1/2/3
upgr_w_1_calibre, st_upgr_w_calibre, st_data_export_stash_type_common, 15%, 1/2/3
upgr_w_1_calibre, st_upgr_w_calibre, st_data_export_stash_type_rare, 11%, 1/2/3
upgr_w_1_dispersion, st_upgr_w_dispersion, st_data_export_stash_type_common, 16%, 1/2/3
upgr_w_1_dispersion, st_upgr_w_dispersion, st_data_export_stash_type_rare, 12%, 1/2/3
upgr_w_1_firemode, st_upgr_w_firemode, st_data_export_stash_type_common, 15%, 1/2/3
upgr_w_1_firemode, st_upgr_w_firemode, st_data_export_stash_type_rare, 11%, 1/2/3
upgr_w_1_grenade_mount, st_upgr_w_grenade_mount, st_data_export_stash_type_common, 15%, 1/2/3
upgr_w_1_grenade_mount, st_upgr_w_grenade_mount, st_data_export_stash_type_rare, 11%, 1/2/3
upgr_w_1_inertion, st_upgr_w_inertion, st_data_export_stash_type_common, 16%, 1/2/3
upgr_w_1_inertion, st_upgr_w_inertion, st_data_export_stash_type_rare, 12%, 1/2/3
upgr_w_1_magazine, st_upgr_w_magazine, st_data_export_stash_type_common, 15%, 1/2/3
upgr_w_1_magazine, st_upgr_w_magazine, st_data_export_stash_type_rare, 11%, 1/2/3
upgr_w_1_muffle, st_upgr_w_muffle, st_data_export_stash_type_common, 15%, 1/2/3
upgr_w_1_muffle, st_upgr_w_muffle, st_data_export_stash_type_rare, 11%, 1/2/3
upgr_w_1_recoil, st_upgr_w_recoil, st_data_export_stash_type_common, 16%, 1/2/3
upgr_w_1_recoil, st_upgr_w_recoil, st_data_export_stash_type_rare, 12%, 1/2/3
upgr_w_1_reliability, st_upgr_w_reliability, st_data_export_stash_type_common, 16%, 1/2/3
upgr_w_1_reliability, st_upgr_w_reliability, st_data_export_stash_type_rare, 12%, 1/2/3
upgr_w_1_rpm, st_upgr_w_rpm, st_data_export_stash_type_common, 16%, 1/2/3
upgr_w_1_rpm, st_upgr_w_rpm, st_data_export_stash_type_rare, 12%, 1/2/3
upgr_w_1_scope, st_upgr_w_scope, st_data_export_stash_type_common, 15%, 1/2/3
upgr_w_1_scope, st_upgr_w_scope, st_data_export_stash_type_rare, 11%, 1/2/3
upgr_w_1_scope_mount, st_upgr_w_scope_mount, st_data_export_stash_type_common, 16%, 1/2/3
upgr_w_1_scope_mount, st_upgr_w_scope_mount, st_data_export_stash_type_rare, 12%, 1/2/3
upgr_w_1_speed, st_upgr_w_speed, st_data_export_stash_type_common, 16%, 1/2/3
upgr_w_1_speed, st_upgr_w_speed, st_data_export_stash_type_rare, 12%, 1/2/3
upgr_w_1_weight, st_upgr_w_weight, st_data_export_stash_type_common, 15%, 1/2/3
upgr_w_1_weight, st_upgr_w_weight, st_data_export_stash_type_rare, 11%, 1/2/3
upgr_w_2_calibre, st_upgr_w_calibre, st_data_export_stash_type_common, 12%, 1/2/3
upgr_w_2_calibre, st_upgr_w_calibre, st_data_export_stash_type_rare, 9%, 1/2/3
upgr_w_2_dispersion, st_upgr_w_dispersion, st_data_export_stash_type_common, 15%, 1/2/3
upgr_w_2_dispersion, st_upgr_w_dispersion, st_data_export_stash_type_rare, 11%, 1/2/3
upgr_w_2_firemode, st_upgr_w_firemode, st_data_export_stash_type_common, 12%, 1/2/3
upgr_w_2_firemode, st_upgr_w_firemode, st_data_export_stash_type_rare, 9%, 1/2/3
upgr_w_2_grenade_mount, st_upgr_w_grenade_mount, st_data_export_stash_type_common, 12%, 1/2/3
upgr_w_2_grenade_mount, st_upgr_w_grenade_mount, st_data_export_stash_type_rare, 9%, 1/2/3
upgr_w_2_inertion, st_upgr_w_inertion, st_data_export_stash_type_common, 15%, 1/2/3
upgr_w_2_inertion, st_upgr_w_inertion, st_data_export_stash_type_rare, 11%, 1/2/3
upgr_w_2_magazine, st_upgr_w_magazine, st_data_export_stash_type_common, 12%, 1/2/3
upgr_w_2_magazine, st_upgr_w_magazine, st_data_export_stash_type_rare, 9%, 1/2/3
upgr_w_2_muffle, st_upgr_w_muffle, st_data_export_stash_type_common, 12%, 1/2/3
upgr_w_2_muffle, st_upgr_w_muffle, st_data_export_stash_type_rare, 9%, 1/2/3
upgr_w_2_recoil, st_upgr_w_recoil, st_data_export_stash_type_common, 15%, 1/2/3
upgr_w_2_recoil, st_upgr_w_recoil, st_data_export_stash_type_rare, 11%, 1/2/3
upgr_w_2_reliability, st_upgr_w_reliability, st_data_export_stash_type_common, 15%, 1/2/3
upgr_w_2_reliability, st_upgr_w_reliability, st_data_export_stash_type_rare, 11%, 1/2/3
upgr_w_2_rpm, st_upgr_w_rpm, st_data_export_stash_type_common, 15%, 1/2/3
upgr_w_2_rpm, st_upgr_w_rpm, st_data_export_stash_type_rare, 11%, 1/2/3
upgr_w_2_scope, st_upgr_w_scope, st_data_export_stash_type_common, 12%, 1/2/3
upgr_w_2_scope, st_upgr_w_scope, st_data_export_stash_type_rare, 9%, 1/2/3
upgr_w_2_scope_mount, st_upgr_w_scope_mount, st_data_export_stash_type_common, 15%, 1/2/3
upgr_w_2_scope_mount, st_upgr_w_scope_mount, st_data_export_stash_type_rare, 11%, 1/2/3
upgr_w_2_speed, st_upgr_w_speed, st_data_export_stash_type_common, 15%, 1/2/3
upgr_w_2_speed, st_upgr_w_speed, st_data_export_stash_type_rare, 11%, 1/2/3
upgr_w_2_weight, st_upgr_w_weight, st_data_export_stash_type_common, 12%, 1/2/3
upgr_w_2_weight, st_upgr_w_weight, st_data_export_stash_type_rare, 9%, 1/2/3
upgr_w_3_calibre, st_upgr_w_calibre, st_data_export_stash_type_common, 8%, 1/2/3
upgr_w_3_calibre, st_upgr_w_calibre, st_data_export_stash_type_rare, 8%, 1/2/3
upgr_w_3_dispersion, st_upgr_w_dispersion, st_data_export_stash_type_common, 12%, 1/2/3
upgr_w_3_dispersion, st_upgr_w_dispersion, st_data_export_stash_type_rare, 9%, 1/2/3
upgr_w_3_firemode, st_upgr_w_firemode, st_data_export_stash_type_common, 8%, 1/2/3
upgr_w_3_firemode, st_upgr_w_firemode, st_data_export_stash_type_rare, 8%, 1/2/3
upgr_w_3_grenade_mount, st_upgr_w_grenade_mount, st_data_export_stash_type_common, 8%, 1/2/3
upgr_w_3_grenade_mount, st_upgr_w_grenade_mount, st_data_export_stash_type_rare, 8%, 1/2/3
upgr_w_3_inertion, st_upgr_w_inertion, st_data_export_stash_type_common, 12%, 1/2/3
upgr_w_3_inertion, st_upgr_w_inertion, st_data_export_stash_type_rare, 9%, 1/2/3
upgr_w_3_magazine, st_upgr_w_magazine, st_data_export_stash_type_common, 8%, 1/2/3
upgr_w_3_magazine, st_upgr_w_magazine, st_data_export_stash_type_rare, 8%, 1/2/3
upgr_w_3_muffle, st_upgr_w_muffle, st_data_export_stash_type_common, 8%, 1/2/3
upgr_w_3_muffle, st_upgr_w_muffle, st_data_export_stash_type_rare, 8%, 1/2/3
upgr_w_3_recoil, st_upgr_w_recoil, st_data_export_stash_type_common, 12%, 1/2/3
upgr_w_3_recoil, st_upgr_w_recoil, st_data_export_stash_type_rare, 9%, 1/2/3
upgr_w_3_reliability, st_upgr_w_reliability, st_data_export_stash_type_common, 12%, 1/2/3
upgr_w_3_reliability, st_upgr_w_reliability, st_data_export_stash_type_rare, 9%, 1/2/3
upgr_w_3_rpm, st_upgr_w_rpm, st_data_export_stash_type_common, 12%, 1/2/3
upgr_w_3_rpm, st_upgr_w_rpm, st_data_export_stash_type_rare, 9%, 1/2/3
upgr_w_3_scope, st_upgr_w_scope, st_data_export_stash_type_common, 8%, 1/2/3
upgr_w_3_scope, st_upgr_w_scope, st_data_export_stash_type_rare, 8%, 1/2/3
upgr_w_3_scope_mount, st_upgr_w_scope_mount, st_data_export_stash_type_common, 12%, 1/2/3
upgr_w_3_scope_mount, st_upgr_w_scope_mount, st_data_export_stash_type_rare, 9%, 1/2/3
upgr_w_3_speed, st_upgr_w_speed, st_data_export_stash_type_common, 12%, 1/2/3
upgr_w_3_speed, st_upgr_w_speed, st_data_export_stash_type_rare, 9%, 1/2/3
upgr_w_3_weight, st_upgr_w_weight, st_data_export_stash_type_common, 8%, 1/2/3
upgr_w_3_weight, st_upgr_w_weight, st_data_export_stash_type_rare, 8%, 1/2/3
vodka, st_vodka, st_data_export_stash_type_common, 60%, 1/2/3
vodka, st_vodka, st_data_export_stash_type_rare, 0%, 1/2/3
vodka2, st_vodka2, st_data_export_stash_type_common, 60%, 1/2/3
vodka2, st_vodka2, st_data_export_stash_type_rare, 0%, 1/2/3
vodka_quality, st_vodka_quality, st_data_export_stash_type_common, 48%, 1/2/3
vodka_quality, st_vodka_quality, st_data_export_stash_type_rare, 0%, 1/2/3
walkie, st_walkie, st_data_export_stash_type_common, 53%, 1/2/3
walkie, st_walkie, st_data_export_stash_type_rare, 4%, 1/2/3
water_drink, st_water_drink, st_data_export_stash_type_common, 60%, 1/2/3
water_drink, st_water_drink, st_data_export_stash_type_rare, 0%, 1/2/3
welding_goggles, st_welding_goggles, st_data_export_stash_type_common, 56%, 1/2/3
welding_goggles, st_welding_goggles, st_data_export_stash_type_rare, 4%, 1/2/3
yadylin, st_yadylin, st_data_export_stash_type_common, 72%, 1/2/3
yadylin, st_yadylin, st_data_export_stash_type_rare, 68%, 1/2/3
